Name,Address,"Address 2",City,Province/State,Country,"Postal/Zip Code",Phone,Fax,Email,Website,Hours,Latitude,Longitude,"Store Group","Click and Collect (Y/N)","Dealer (Y/N)","Rental Station (Y/N)","Service Center (Y/N)"
"Sportshop Bittner","Weißestr. 26",,Leipzig,Sachsen,DE,4299,"+49 (0)341 59097850",," steffen@sportshop-bittner.de",https://sportshop-bittner.de/,"Open:
Monday - Friday 10:00 - 18:00
Thursday 10:00 - 19:00
Saturday 09:00 - 13:00

(+49)34159097850
------------------------------------------------",51.754240,12.581357,Default,N,Y,N,N
"Hepha Factory","Lise-Meitner-Str. 7a",,Maisach,Bayern,DE,82216,"+49 (0) 8142 2844480",,service@hepha.com,https://hepha.com/,"Service time:  Mo.-Fr.: 09:00-15:00
------------------------------------------------
This is our factory. No access without booking
",48.216000,11.288750,HQ,N,N,N,N
"Haslinger Hof - Fahrradverleih Arwin Krämer","Ed 1",,"Kirchham ",Bayern,DE,"94148 "," +49 8531 2954941",,info@haslinger-hof.de,,,48.350458,13.289038,"Rental Station",N,N,Y,N
" HANN-BIKES","Roseneck 1",,Hüllhorst,Nordrhein-Westfalen,DE,"32609 ","+49 57412506301",,service@e-bike-schrauber.de,,,52.264344,8.602996,Dealer,N,Y,N,N
Radl-ladl,Frabertshamerstr.9a,,Amerang,Bayern,DE,83123,"08075 1698",," service@radl-ladl.de",https://www.radl-ladl.de/,"Montag, Dienstag, Donnerstag & Freitag: 9:00 - 12.00 Uhr & 13:00 - 18:00 Uhr
Mittwoch & Samstag: 9:00 - 12:00 Uhr",47.991310,12.310010,Dealer,N,Y,N,N
"Switchbike Bornemann OHG","Katharinengasse	14",,Gießen,Hessen,DE,35390,"+49 (0)641-34393",,info@switchbike.de,https://www.switchbike.de/,"Montag, Dienstag, Mittwoch & Freitag: 10:00 - 18:00 Uhr
Donnerstag: geschlossen
Samstag: 10:00 - 16:00 Uhr",50.584165,8.671666,Dealer,N,Y,N,N
"Pott GmbH","Heideweg, 12",,"Bad Laer",,DE,49196,"+49 (0)05424 - 22 170",,info@pott-gmbh.de,,,52.101664,8.069241,Dealer,N,Y,N,N
"Fahrwerk Timmer Lingen","Meppener Str. 104",,Lingen,,DE,49808,"+49 (0)591 32 17 44-23",,lingen@fahrwerk.me,https://fahrwerk.me/,"Montag - Freitag: 9:30 - 13:00 Uhr & 14:00 - 18:30 Uhr
Samstag: 9:30 - 14:00 Uhr
",52.532450,7.305630,Dealer,N,Y,N,N
Mr.Bike,"Rechenauerstraße 20B",,Rosenheim,,DE,83022,"+49 (0)173 1588506",,info@mr-bike.com,,,47.864211,12.128701,Dealer,N,Y,N,N
"Schnellrad by Zweirad Schnell UG","Koblenzer Str. 38a",,Hachenburg,,DE,57627,"+49 (0)2662/9319770",,info@schnellrad.de,,"Montag, Dienstag, Donnerstag & Freitag: 13.00 - 18:30 Uhr
Samstag: 9:00 - 13:00 Uhr",50.660125,7.811194,Dealer,N,Y,N,N
"Hupfer GmbH","Bundesstr. 14",,"Lauchringen ",,DE,,"+49 (0)7741/3289",,afathi@hupfer-fahrradladen.de,,,47.632157,8.299615,Dealer,N,Y,N,N
"Zwoo GmbH/Fahrradladen Essen","Huyssenallee 95",,Essen,"North Rhine-Westphalia",DE,45128,"+49 (0)201/36036960",,info@fahrradladen-essen.de,https://fahrradladen-essen.de,"""Montag - Freitag: 10:00 - 18:00 Uhr
Samstag: 10:00 - 16:00 Uhr""
",51.444461,7.008503,Dealer,N,Y,N,N
"Bikes for friends GmbH","Dorfstraße. 20",,Geiersthal,,DE,94244,"+49 (0)1707475196",,bikesforfriends@posteo.de,,,49.046493,12.979978,Dealer,N,Y,N,N
"OLEK'S RADSPORT GMBH","Mathildenstrasse	54",,Einhausen,,DE,64683,"+49 (0)625/153039",,info@oleks-radsport.de,https://www.oleks-radsport.de/,"Montag, Dienstag, Donnerstag & Freitag: 9:00 - 12:30 Uhr & 14:30 Uhr - 18:00 Uhr
Mittwoch: 9:00 - 12:30 Uhr
Samstag: 9:00 - 13:00 Uhr",49.672312,8.544783,Dealer,N,Y,N,N
"Total Normal Bikes GmbH","Kaiserstraße 331",,"Sankt Ingbert",Saarland,DE,66386,"+49 (0) 6894 - 87530",,info@total-normal.com,https://total-normal.com/,"Montag, Mittwoch & Donnerstag: 13:30 – 18:00 Uhr
Dienstag & Freitag: 10:00 – 12:00 & 13:30 – 18:00 Uhr
Samstag: 9:30 – 13:00 Uhr",49.286502,7.135046,Dealer,N,Y,N,N
"ebike-saar GmbH","Mainzer Straße 269",,Saarbrücken,,DE,66121,"0681 96868911",,info@ebike-saar.com,https://www.ebike-saar.com/,"Montag - Freitag: 14:00 - 18:00 Uhr
Samstag: 10:00 - 14:00 Uhr
",49.225295,7.027941,Default,N,Y,N,N
"Pulssport Blieskastel","Von-der-Leyen-Straße 7",,Blieskastel,,DE,66440,"+49 6842 946533",,info@puls-sport.de,https://www.puls-sport.com/,"Montag, Dienstag, Donnerstag & Freitag: 13:00 - 18:00 Uhr
Samstag: 9:00 - 12:00 Uhr",49.237417,7.259218,Dealer,N,Y,N,N
"Zweirad Service Dorfrad","Grünstrasse 1",,Kabelsketal-Naundorf,,DE,6184,"+49 179 2938403",,enrico-hartmann@web.de,https://www.dorfrad.de,"Montag - Freitag: 12.00 - 19:00 Uhr 
und nach Vereinbarung",51.450865,12.079671,Dealer,N,Y,N,Y
"Karls Bike Shop","Kaigartenallee 12",,Waghäusel,,DE,68753,"+49 (0)72549583180",,info@karls-bike-shop.de,,,49.255026,8.540545,Dealer,N,Y,N,N
Vineyard-bikes,"Weinberggasse 25",,Balzheim,,DE,88481,"+49 7347 920698",,vineyard-bikes@t-online.de,"http://vineyard-bikes.de ",,48.177350,10.071210,Dealer,N,Y,N,Y
"Matti's Bike Shop","Bahnhofstraße 62",,Bönen,,DE,59199,+4923839535500,,info@mattis-bike-shop.de,https://mattis-bike-shop.de,"""Montag: geschlossen
Dienstag & Donnerstag: 10:00 - 18:00 Uhr
Mittwoch & Freitag: 08:00 - 16:00 Uhr
Samstag: 09:00 - 13:00 Uhr""",51.596635,7.750465,Dealer,N,Y,N,N
"Otto Achilles 2-Radgeschäft","Bahnhofstr. 30",,Winsen,,DE,29308,+4951432265,,ottoachilles@dg-email.de,,"Montag, Mittwoch & Freitag: 10:00 - 12:30 Uhr & 14:30 - 18:00 Uhr
Dienstag & Donnerstag: 14:30 - 18:00 Uhr
Samstag: 10:00 . 13:00 Uhr""",52.673687,9.905519,Dealer,N,Y,N,Y
"Bavarian Finest E-Bikes","Fischerei 43",,Dießen,,DE,86911,"+49 8807 4391051",,info@bavarian-finest-e.bike,http://www.bavarian-finest-e.bike,,47.948851,11.107992,Dealer,Y,Y,N,N
"Location Vélo Dunkerque","1 bis Digue de Mer",,Dunkerque,,FR,59140,+33(0）659346353,,lvdknord@gmail.com,https://www.location-velo-dunkerque.fr,,51.049120,2.386325,Dealer,N,Y,N,N
"We Like Bikes","Münchener Strasse 23",,Haar,,DE,85540,8920072791,,info@welikebikes.de,,,48.110401,11.719309,Dealer,N,Y,N,N
"Reyhle GmbH & Co. KG ","Lichtensteinstraße 2",,Dornstadt,,DE,89160,"07348 9673232",,info@radsport-reyhle.de,http://radsport-Reyhle.de,"Winter-Öffnungszeiten ab 14.10.2024:
Montag - Freitag: 10:00 - 18:00 Uhr
Samstag: 9:00 - 14:00 Uhr""",48.484456,9.894646,Dealer,N,Y,N,N
cap.velo.creuse,"2 Place du 19 Mars 1962",,Champsanglard,,FR,23220,641350368,,cap.velo.creuse@gmail.com,,,46.274291,1.881742,Dealer,N,Y,N,N
"Miriquidi Bike Store GmbH","Lohngasse  3",,Wolkenstein,,DE,09429,+49(0)37369-274601,,miriquidi.wolkenstein@gmail.com,https://miriquidi-bikestore.de,"Montag, Mittwoch & Freitag: 09:00–12:00 & 13:00–16:00 Uhr
Dienstag & Donnerstag: 09:00–12:00 & 13:00–18:00 Uhr
Samstag	nach Vereinbarung	",50.655848,13.067428,Dealer,Y,Y,N,Y
"Paddock shop",10," Rue de la banqu",Vesoul,,FR,70000,"+33 0685107074",,contact@paddockshop.fr,,,47.619788,6.154280,Dealer,N,Y,N,Y
"ATV CYCLES","ROUTE DES TROIS VILLAGES",5171,"PLATEAU DES PETITES ROCHES",,FR,38660,"+33 4 58 00 59 32",,contact@atv-cycles.fr,,,45.312064,5.887148,Dealer,N,Y,N,Y
"Les Hauts Vélos","rue Sainte-Cécile",14,Paris,,FR,75009,"+33 9 73 88 90 96",,contact@lhv.store,http://www.leshautsvelos.fr,,48.873221,2.345586,Default,N,N,N,Y
"BauerBikes E-Bike Store Graz","Puntigamer Straße 124",,Graz,,AT,8055,"+43 316 292 671",,info.graz@bauerbikes.com,http://www.bauerbikes.com,"Montag - Freitag: 10:00 - 13:00 Uhr & 14:00 - 17:00 Uhr
Samstag: 10:00 - 13:00 Uhr",47.034400,15.444312,Dealer,N,Y,N,Y
"BauerBikes E-Bike Store St. Margarethen/Raab","St. Margarethen 10b",,"St. Margarethen/Raab",,AT,8323,"+43 311 594 171",,info.gleisdorf@bauerbikes.com,http://www.bauerbikes.com,"Montag, Donnerstag & Freitag: 14:00 - 17:00 Uhr
Samstag: 10:00 - 13:00 Uhr
",47.046469,15.746120,Dealer,N,Y,N,Y
"Arndt Fahrradhandel","An der Bärenhecke 33",,Nennslingen,,DE,91790,"+49 91477599005",,arndt-fahrradladen@gmx.de,,,49.043055,11.126919,Dealer,N,Y,N,N
"Pfalz-Bikes e. K.","Flörsheimer Ring 5a",,Trippstadt,Rheinland-Pfalz,DE,67705,"06306 701948",,info@pfalz-bikes.de,https://pfalz-bikes.de/,"Montag: 08:00–12:00 / 13:00–17:00
Dienstag: 08:00–12:00 / 13:00–17:00
Mittwoch: 08:00–12:00 / 13:00–17:00
Donnerstag: 08:00–12:00 / 13:00–17:00
Freitag: 08:00–12:00 / 13:00–17:00
Samstag: Geschlossen
Sonntag: Geschlossen",49.364696,7.764650,Dealer,N,Y,N,N
"Olek's Radsport","Hafenstraße 3",,Raunheim,Hessen,DE,65479,"+49 (0)6142 833 869 1","+49 (0)6142 833 869 "," info@biketeam-raunheim.de",https://www.oleks-radsport.de/,"Montag: geschlossen
Dienstag - Freitag: 10:00 - 13:00 Uhr & 14:30 - 19:00 Uhr
Samstag: 10:00 - 16:00 Uhr",50.010633,8.439906,Dealer,N,Y,N,N
"VELOLAND FUNCYCLES","13 AVENUE DE BEL AIR // ZC DE LA CLAIRCIERE",,"SAINT PIERRE D'OLERON",Poitou-Charentes,FR,17310,"546369197 / 23911875",,funcyclesio@gmail.com,https://www.veloland-funcycles.fr/,,45.935534,-1.304816,Dealer,N,Y,N,N
"Citibike Bordeaux","avenue descartes 32",,"St médard en jalles",Aquitaine,FR,33160,"985020687 / 49915034",,bordeaux@citibike.fr,,,44.886246,-0.694470,Dealer,N,Y,N,N
"LES VELOS DE LEON","RUE DUQUESNE 5",,DIEPPE,Haute-Normandie,FR,76200,235828490,,lesvelosdeleon@gmail.com,https://lesvelosdeleon.fr/,,49.927561,1.078884,Dealer,N,Y,N,N
"ARMOR CYCLES","ZA DE LANJOUAN",,LAMBALLE,Bretagne,FR,22400,"296310423 / 84498525",,serviceclient@armorcycles.fr,,,48.481199,-2.497017,Dealer,N,Y,N,N
"CITIBIKE LE HAVRE","RUE JULES SIEGFRIED 9",,"LE HAVRE",Haute-Normandie,FR,76600,954709102,,lehavre@citibike.fr,,,49.492330,0.110023,Dealer,N,Y,N,N
"CITIBIKE CHERBOURG","Rue Albert Mahieu 11",,"CHERBOURG EN COTENTIN","Basse Normandie",FR,50100,950737004,,cherbourg@citibike.fr,,,49.639714,-1.625140,Dealer,N,Y,N,N
"CITIBIKE CAEN","Rue de Bernières 1",,CAEN,"Basse Normandie",FR,14000,952312014,,caen@citibike.fr,http://www.citibike.fr,,49.183451,-0.357029,Dealer,N,Y,N,N
"FG BIKE STORE","QUAI DE BREST 11",,REDON,Bretagne,FR,35600,"299722238 / 86743001",,fg.bikestore@gmail.com,http://fgbikestore.fr,,47.648896,-2.086358,Dealer,N,Y,N,N
VELOVOLT,"AVENUE DU COMMANDANT LYSIACK 8",,AYTRE,Poitou-Charentes,FR,17440,546561378,,larochelle@velovolt.fr,,,46.137837,-1.129171,Dealer,N,Y,N,N
"Citibike Biganos","ZAC de la cassadotte en face de la cour des materiaux de Leroy Merlin",15,Biganos,Aquitaine,FR,33180,"985235882 / 85935026",,biganos@citibike.fr,,,44.641626,-0.948821,Dealer,N,Y,N,N
"Citibike Anglet","21 r Loustalot",,Anglet,Aquitaine,FR,64600,"05 59 20 81 11",,,http://www.citibike.fr,,43.494898,-1.519968,Dealer,N,Y,N,N
"Fahrwerk Bocholt","An der Königsmühle 16",,Bocholt,,DE,46395,028713543540,,bocholt@fahrwerk.me,http://www.fahrwerk.me,"Montag - Freitag: 9:30 - 13:00 Uhr & 14:00 - 18:30 Uhr
Samstag: 9:30 - 14:00 Uhr",51.826685,6.587620,Dealer,N,Y,N,N
"Fahrwerk Stadtlohn","Gutenbergstr. 13 ",,Stadtlohn,,DE,48703,"+49 25636261",,stadtlohn@fahrwerk.me,http://www.fahrwerk.me,"Montag - Freitag: 9:30 - 13:00 Uhr & 14:00 - 18:30 Uhr
Samstag: 9:30 - 14:00 Uhr",51.989743,6.898087,Dealer,N,Y,N,N
"Cycles Clemer","18 rue Bernard Palissy",,Beauvais,,FR,60000,"+33 3 44 45 54 73",,cyclesclemer@outlook.com,http://www.cyclesclemer.fr,"Monday: 14h30-19h00
Tuesday: 9h30-13h00// 14h00-19h00
Wednesday: 9h30-13h00// 14h00-19h00
Thursday: 9h30-13h00// 14h00-19h00
Friday: 9h30-13h00// 14h00-19h00
Saturday: 9h30-13h00// 14h00-19h00",49.414990,2.114940,Dealer,N,Y,N,Y
"Cycles Passion","18 PLACE LOUIS LUMIERE",,"Boulogne Sur Mer",,FR,62200,"+33 3 21 31 34 41 ",,"cyclespassion.bike@gmail.com ","http:// www.cyclespassion.bike ","Monday: closed
Tuesday:  9h00-12h00 // 14h00-19h00
Wednesday:  9h00-12h00 // 14h00-19h00
Thursday:  9h00-12h00 // 14h00-19h00
Friday:  9h00-12h00 // 14h00-19h00
Saturday: ",50.721460,1.608780,Dealer,N,Y,N,Y
"Citibike La Rochelle","12, Rue saint Nicolas",,"La Rochelle",,FR,17000,"+33 9 54 57 65 68",,larochelle@citibike.fr,http://www.citibike.fr,"Monday: 14h00-19h00
Tuesday: 10h00-19h00
Wednesday: 10h00-19h00
Thursday: 10h00-19h00
Friday: 10h00-19h00
Saturday: 10h00-19h00",46.160098,-1.149948,Dealer,N,Y,N,Y
"Cycles Expert City","1 Rue Chicogné",,RENNES,Bretagne,FR,35000,"+33 2 99 69 59 82",," contact@cyclexperts-ecity.com",https://www.cyclexperts-ecity.com/,"Monday: 10h00-13h00 // 14h00-19h00
Tuesday: 10h00-13h00 // 14h00-19h00
Wednesday: 10h00-13h00 // 14h00-19h00
Thursday: 10h00-13h00 // 14h00-19h00
Friday: 10h00-13h00 // 14h00-19h00
Saturday: 10h00-18h00",48.108075,-1.682980,Dealer,N,Y,N,Y
"2RADFABRIK Fürth GmbH & Co. KG","Gründlacherstraße 303",,Fürth,Bavaria,DE,90765,"+49 911 30088033",,fuerth@2radfabrik.de,http://www.2radfabrik.de,"Montag - Samstag: 10 - 19 Uhr

Achtung: November bis Februar abweichende Öffnungszeiten:
Montag geschlossen
Dienstag - Freitag: 10 - 19 Uhr
Samstag: 10 - 16 Uhr
",49.603080,10.990050,Dealer,Y,Y,N,Y
"Rabl GmbH & Co. KG","Gewerbestr. 22",,"Markt Indersdorf",Bavaria,DE,85229,"+49 8136 89 32 03",,mail@rabl-gmbh.de,https://rabl-gmbh.de/,"Montag: 13:00 - 18:00 Uhr
Dienstag - Freitag: 9:00 - 18:00 Uhr
Samstag: 9:00 - 13:00 Uhr",48.346693,11.379265,Dealer,Y,Y,N,Y
"Radsport Riedmann","Marktheidenfelder Str. 19",,Karbach,Bavaria,DE,97842,"+49 9391 5121",,robert@radsport-riedmann.de,https://www.radsport-riedmann.de/,"Montag: 15.00 – 18.30 Uhr
Dienstag: 15.00 – 18.30 Uhr
Mittwoch: geschlossen
Donnerstag: 9.00 - 13.00* und 15.00 – 18.30 Uhr
Freitag: 9.00 - 13.00* und 15.00 – 18.30 Uhr
Samstag: 9.00 – 13.00 Uhr

*März bis Oktober Vormittags geöffnet",49.865016,9.637984,Dealer,Y,Y,N,Y
"Carle Zweiradfachgeschäft GmbH","Berliner Str. 16",,Öhringen,Baden-Wuerttemberg,DE,74613,"+49 7941 91760",,info@zweirad-carle.de,https://www.zweirad-carle.de/,"Montag bis Freitag: 9:00 - 12:30 Uhr & 13:30 - 18:30 Uhr
Samstag: 9:00 - 14:00 Uhr""
",49.200240,9.493219,Default,N,Y,N,Y
"zweiRAD Botenheim","Wiesenbachstraße 2",,Brackenheim,Baden-Wuerttemberg,DE,74336,"+49 7135 12274",,info@zweirad-botenheim.de,https://www.zweirad-botenheim.de,"Montag: geschlossen
Dienstag - Freitag: 9:00 - 12:30 Uhr und 14:00 - 18:00 Uhr
Donnerstag: 9:00 - 12:30 Uhr und 14:00 - 20:00 Uhr
Samstag: 9:00 - 13:00 Uhr",49.066390,9.068120,Dealer,N,Y,N,Y
"Toa's Bikes GmbH","Bahnhofstraße 19",,Groß-Bieberau,Hessen,DE,64401,"+49 6162 81640",,service@toas-bikes.de,https://toas-bikes.de/,"Montag bis Freitag
09:00 bis 18.00 Uhr

Samstag
09:00 bis 13:00 Uhr",49.802014,8.826692,Dealer,N,Y,N,Y
"Zweirad Stellwag GmbH","Neckarstraße 24",,Erbach,Hessen,DE,64711,"+49 6062 3163",,Stellwag2-Rad@t-online.de,https://www.zweirad-stellwag.de/,"Montag bis Freitag: 9:00 - 12:30 Uhr und 14:00 - 18:00 Uhr
Mittwoch 9:00 - 12:30 Uhr 
Samstag: 9:00 - 13:00 Uhr",49.653935,8.995798,Dealer,N,Y,N,Y
"Radwerk Würzburg","Ringstraße 1",,Güntersleben,Bavaria,DE,97261,"+49 151 128 66 2 45",,sw@radwerk-wuerzburg.de,https://www.radwerk-wuerzburg.de/,"1. Oktober bis 28. Februar
Freitags 14.00 Uhr-16.30 Uhr

oder gerne ganzjährig nach vorheriger
telefonischer Terminvereinbarung unter 0175 11 64 667
(erreichbar Mo-Fr 16 Uhr bis 18 Uhr)",49.865518,9.904951,Dealer,N,Y,N,Y
"Sport Café","Kesselweg 9",,Hardheim-Gerichtstetten,Baden-Wuerttemberg,DE,"74736 ","+49 151 27101041",,,,"Freitag: nur nach Absprache  
Termine bitte telefonisch oder per Whats App vereinbaren, täglich von 17-19 Uhr 
Samstag: 10 bis 14 Uhr",49.531876,9.510999,Dealer,N,Y,N,Y
"57 Bikestore","Blaufelder Straße 6",,Crailsheim,Baden-Wuerttemberg,DE,74564,"+49 7951 472 100 5",,info@fahrrad-outlet-crailsheim.de,https://fahrrad-outlet-crailsheim.de/,"Sommer (April-September) 
Montag - Freitag: 09:30 - 19:00 Uhr 
Samstag: 09:30 - 16:00 Uhr

Winter (Oktober-März) 
Montag - Freitag: 9:30  -18:00 Uhr
Samstag: 09:30 - 16:00 Uhr",49.141063,10.073547,Dealer,N,Y,N,Y
"Zweiradsport Geyer ","Gartenstraße 30",,"Bad Wurzach",Baden-Wuerttemberg,DE,88410,"+49 7564 85893  0",,info@zweiradsport-geyer.de,https://www.zweiradsport-geyer.de/,"Montag - Mittwoch, Freitag
09:00 - 12:30 Uhr
14:00 - 18:00 Uhr

Donnerstag
09:00 - 12:30
14:00 - 19:00

Samstag
08:30 - 13:00 Uhr",47.907409,9.894703,Dealer,N,Y,N,Y
"Radsport Baier","Kirchplatz 5",,Mistendorf,Bayern,DE,"96129 ","+49 95 05 80 47 90",,info@radsport-baier.de,https://www.radsport-baier.de/,"Montag: geschlossen
Dienstag - Freitag: 10:00 - 18:00 Uhr
Donnerstag: 10 :00- 19:00 Uhr
Samstag: 9:00 - 13:00 Uhr",49.871422,11.045324,Dealer,N,Y,N,Y
"Motorrad Welink","Am Schleifweg 2",,Oberschwarzach,Bayern,DE,"97516 ","+49 9382 3191071",,info@motorrad-welink.de,https://www.motorrad-welink.de/,"Montag: 09:00 - 12:30 und 14:00 - 18:00 Uhr
Dienstag: 09:00 - 12:30 und 14:00 - 18:00 Uhr
Mittwoch: 09:00 - 12:30 Uhr
Donnerstag: 09:00 - 12:30 und 14:00 - 18:00 Uhr
Freitag: 09:00 - 12:30 und 14:00 - 18:00 Uhr
Samstag: 09:00 - 12:00 Uhr",49.857795,10.408671,Default,N,Y,N,Y
"Amends Fahrradladen","Am Setzen 109",,Gochsheim,Bayern,DE,"97469 ","+49 9721 4771498",,info@amends-fahrradladen.de,http://www.amends-fahrradladen.de,"Montag: 12:30 - 18:00 Uhr
Dienstag: geschlossen 
Mittwoch - Freitag: 12:30 - 18:00 Uhr
Samstag: 9:00 - 13:00 Uhr",50.022926,10.274327,Dealer,Y,Y,N,Y
Tip-Top-Bikes,"Martin-Ofner-Straße 5",,"Burgkirchen an der Alz",Bayern,DE,"84508 ","+49 8679 3069497",,kontakt@tip-top-bikes.de,https://www.tip-top-bikes.de/,"Dienstag - Freitag: 09:00 Uhr - 12:00 Uhr und 14:00 Uhr - 17:00 Uhr
Samstag: 09:00 Uhr - 12:00 Uhr",48.167000,12.730485,Dealer,N,Y,N,Y
"Bike & Tools","Am Moosrain 5",,Pliening,Bayern,DE,"85652 ","+49 89 23076378",,info@bike-and-tools.com,https://bike-and-tools.com/,"März - Oktober
Dienstag - Freitag: 09:00 Uhr - 12:00 Uhr und 13:00 Uhr - 19:00 Uhr
Samstag: 09:00 Uhr - 16:00 Uhr

November - Februar
Dienstag - Freitag: 10:00 Uhr - 12:00 Uhr und 13:00 Uhr - 18:00 Uhr
Samstag: 09:00 Uhr - 16:00 Uhr",48.189297,11.780013,Dealer,N,Y,N,Y
"Fahrrad Riemey - Fa. Hans Schüssler e.K","Hauptstraße 2",,Zeitlofs,Bayern,DE,"97799 ","+49 160/99263515",,info@fahrrad-riemey.de,https://www.fahrrad-riemey.de/,"Montag: geschlossen
Dienstag - Freitag: 10:00 - 18:00 Uhr
Samstag: 9:00 - 13:00 Uhr",50.271538,9.711250,Dealer,N,Y,N,Y
"Radsport Hungerhuber","Schwarzauer Str. 66",,Trostberg,Bayern,DE,"83308 ","+49 8621 90242 0",,info@hungerhuber.de,https://www.hungerhuber.de/,"Montag, Dienstag Donnerstag & Freitag: 9:00 – 12:00 Uhr & 13:00 – 18:00 Uhr
Mittwoch: 13:00 – 18:00 Uhr 
Samstag: 9:00 – 12:00 Uhr",48.017860,12.536671,Dealer,Y,Y,N,Y
"Rad & Sportservice Wall","Hauptstraße 19",,Wenzenbach,Bayern,DE,"93173 ","+49 9407 5529127",,info@rad-sportservice.de,https://www.rad-sportservice.de/,"Montag:	geschlossen
Dienstag - Freitag: 9:00 – 18:00 Uhr
Samstag: 9:00 – 13:00 Uhr
",49.076760,12.197998,Dealer,N,Y,N,Y
"Sport Cycling Meindl","Konrad-Mayer-Str. 31",,Sulzbach-Rosenberg,Bayern,DE,92237,"+49 9661 3048833",,info@sportcycling.de,https://www.sportcycling.de,"Montag: geschlossen
Dienstag - Freitag: 14:00 - 18:00 Uhr
Samstag: 09:00 - 13:00 Uhr",49.498969,11.751081,Dealer,N,Y,N,Y
"MD Bikes","Am Marktplatz 9",,Ebermannstadt,Bayern,DE,"91320 ","+49 9194 5956",," info@md-bikes.de",https://www.md-bikes.de/,"Montag: geschlossen
Dienstag: nur nach Vereinbarung!
Mittwoch: 10:00 Uhr - 17:00 Uhr
Donnerstag & Freitag: 10:00 Uhr - 18:00 Uhr
Samstag: 10:00 Uhr - 13:00 Uhr",49.780373,11.187268,Dealer,N,Y,N,Y
"2Rad Jessen","Schäfflerstraße 12",,Kelheim,Bayern,DE,93309,"+49 9441 504 850",,info@my2rad.de,https://www.my2rad.de,"Montag - Freitag: 9:00 - 18:30 Uhr
Samstag: 9:00 - 14:00 Uhr",48.920647,11.883671,Dealer,N,Y,N,Y
"Inn-Bike GmbH","Klinkstraße 21",,Kufstein,Tirol,AT,6330,"+43 5372 63547",,info@inn-bike.at,https://www.e-bikes4you.at,"Montag, Dienstag, Donnerstag und Freitag: 9:00 - 18:00 Uhr
Mittwoch: geschlossen, telefonisch 10:00 - 18:00 Uhr
Samstag: 9:00 - 13:00 Uhr",47.575122,12.151941,Dealer,N,Y,N,Y
"Beim Felix","Nürnberger Straße 14",,Veitsbronn,Bayern,DE,90587,"+49 911 6336 9701",,info@beimfelix.de,,"Montag bis Freitag: 9:00 - 12:00 Uhr & 13:00 - 16:30 Uhr
Samstag: nach Absprache",49.510053,10.885209,"Service Center",N,N,N,Y
"Fahrrad Wappler","Königsstraße 52",,Werdau,Sachsen,DE,08412,"+49 3761 82540",,fahrrad.wappler@t-online.de,https://www.fahrrad-wappler.de,"Montag - Mittwoch: 9:30 - 12:00 Uhr & 13:30 - 18:00 Uhr
Donnerstag: geschlossen
Freitag: 9:30 - 12:00 Uhr & 13:30 - 18:00 Uhr
Samstag: 9:30 - 12:00 Uhr",50.741010,12.375678,Dealer,N,Y,N,Y
"E-Bike Bavaria","Frauenberg 21",,Grafenau,Bayern,DE,94481,"+49 8552 7769267",,info@e-bike-bavaria.de,https://www.e-bike-bavaria.de,"Montag, Dienstag, Donnerstag und Freitag: 10:00 - 18:00 Uhr
Mittwoch und Samstag: 9:00 - 13:00 Uhr",48.856422,13.384417,Dealer,Y,Y,N,Y
"Zweirad-Center Durach","Achenerweg 11",,Isny,Bayern,DE,88316,"+49 7562 245 6",,info@fahrrad-durach.de,https://www.zweirad-center-durach.de/,"Montag - Freitag: 09:00 - 12:30 Uhr & 14:00 - 18:00 Uhr
Mittwoch: Nachmittag: geschlossen
Samstag: 09:00 - 13:00 Uhr",47.698169,10.043733,Dealer,N,Y,N,Y
"Leichter fahren Elektrorad-Zentrum","Dietzhölzstraße 6",,Eschenburg,Hessen,DE,35713,"+49 2774  917 917 0",,info@leichter-fahren.de,https://leichter-fahren.de/,"Von März bis Oktober:
Montag - Freitag: 9:30 - 18:00 Uhr
Samstag: 9:30 - 13:00 Uhr

Von November bis Februar:
Montag: geschlossen
Dienstag - Freitag: 14:00 - 18:00 Uhr
Samstag: 10:00 - 13:00 Uhr",50.789759,8.326859,Dealer,N,Y,N,Y
"Intersport Harms - House of Bike","Marktstraße 521",,Neukirchen,Tyrol,AT,5741,"+43 656 521664",,bikeshop@harms.at,https://www.intersport-harms.at/de/shops/Bikeshop-Neukirchen_sl_794,"Öffnungszeiten Sommer 13.03.2024 - 09.11.2024

Montag - Freitag: 08:30 - 12:00 Uhr und 14:30 - 18:00 Uhr
Samstag: 08:30 - 12:00 Uhr",47.253752,12.287360,Dealer,N,Y,N,Y
"Citibike Dunkerque","60, Route de Furnes ",,"Coudekerque Branche",,FR,59210,"+33 3 28 61 39 75 ",,cote-dopale@citibike.fr,https://www.citibike.fr/fr/,"Dienstag - Freitag: 10:00 - 13:00 & 14:30 - 19:00 Uhr
Samstag: 10:00 - 19:00 Uhr",51.036520,2.397820,Dealer,N,Y,N,Y
KW-Bikes,"Bürgermeister-Graf-Ring 21",,Geretsried,Bayern,DE,82538,"+49 8171 6399220",,,http://www.kw-bikes.de,"Montag, Dienstag, Donnerstag & Freitag: 09:30 - 13:00 Uhr & 14:00 - 18:30 Uhr
Samstag: 09:30 - 14:00 Uhr
Mittwoch: geschlossen",47.886467,11.436066,Dealer,N,Y,N,Y
"Hennecke Zweirad Meisterbetrieb","Zwinger 15",,Öttingen,Bayern,DE,86732,"+49 91082 4468",,robert.hennecke@t-online.de,,"Montag - Freitag: 9:00 - 12:15 Uhr & 14:00 - 18:00 Uhr
Samstag: 9:00 - 12:00 Uhr
",48.953359,10.607102,"Service Center",N,N,N,Y
"Schölzhorn Sport GmbH","Fuggerstraße 3",,Sterzing,"Trentino-Alto Adige",IT,39049,"+39 472 671 376",,info@skiprofi.it,https://www.rentandgo-shop.it,"Montag - Freitag: 10:00 - 17:00 Uhr",46.886633,11.404588,Dealer,N,Y,N,Y
"Bikehouse Bühler","Hauptstraße 98",,Mosbach,Baden-Wuerttemberg,DE,74821,"+49 6261 899 376",,mail@bikehouse-buehler.de,https://www.bikehouse-buehler.de,"Montag bis Freitag: 9:00 - 13:00 Uhr & 14:00 - 18:00 Uhr
Samstag: 9:30 - 14:00 Uhr",49.354539,9.147852,Dealer,N,Y,N,Y
"SKITOP BADIA","Str. San Linert 3",,Badia,"Trentino-Alto Adige",IT,39036,"+39 471 839685",,info@skitop.it,https://biketop.skitop.it/de/,"Montag - Sonntag: 8:30 - 12:00 Uhr & 15:00 - 19:00 Uhr",46.609543,11.895356,Dealer,N,Y,N,Y
"REVEN EUROPE GmbH","Am Umspannwerk 6",,Baindt/Schachen,Baden-Wuerttemberg,DE,"88255 ","+49 7502 9421898",,info@revenbikes.com,https://revenbikes.de/,"Montag: 13:00 – 19:00 Uhr
Dienstag - Freitag: 13:00 – 18:00 Uhr
Samstag: 9:00 – 13:00 Uhr
Mittwoch geschlossen",47.836296,9.633614,Dealer,N,Y,N,Y
"Sport Edoardo","Via Pecei 12",,"Corvara ","Trentino-Alto Adige",IT,39033,,,info@sportedoardo.it,https://www.sportedoardo.it/,"Monday - Saturday: 08:30 - 12:00 & 15:00 - 19:00",46.553564,11.853234,Dealer,N,Y,N,Y
"Bader Rad-Kraftwerk","Dieselstraße 6",,Leinfelden-Echterdingen,Baden-Wuerttemberg,DE,"70771 ","+49 711 220 918 16",,stephan.bader@rad-kraftwerk.de,https://rad-kraftwerk.de/,"Dienstag - Freitag: 10:00 - 18:30 Uhr
Samstag: 10:00 - 13:30 Uhr",48.695559,9.165798,Dealer,N,Y,N,Y
"Zweirad Högerl","Bogenroither Straße 4",,Wiesenfelden,Bayern,DE,94344,"+49 9966 1201",,info@zweirad-hoegerl.de,https://www.zweirad-hoegerl.de/,"Montag - Freitag: 08:00 - 12:00 Uhr & 13:00 - 18:00 Uhr
Samstag: 08:30 - 12:00 Uhr",49.042433,12.534985,Dealer,N,Y,N,Y
"Bike Monkey ","Bgm.-Neumeyr-Straße 7",,Allershausen,Bayern,DE,85391,"+49 8166 9889258",,info@bike-monkey.de,https://bike-monkey.de/,"Montag - Donnerstag: 17:00 - 20:00 Uhr
Freitag: 9:30 - 17:00 Uhr
Samstag: 10:00 -16:00 Uhr",48.427870,11.583060,Dealer,N,Y,N,Y
"Wunderlich GmbH","Dieselstraße 2",,Marktleuthen,Bayern,DE,95168,,,info@wunderlich-umwelt.de,http://www.wunderlich-umwelt.de/,"Montag - Freitag: 8:00 - 18:00 Uhr
Samstag: 8:00 - 12:00 Uhr",50.136698,12.013486,Dealer,N,Y,N,Y
"Fahrrad Hoffmann","Horster Landstraße 117",,Seevetal,,DE,21220,"+49 4105 84005",,info@fahrradhoffmann.de,https://fahrradhoffmann.de/,"Montag - Freitag: 9:00 - 13:00 Uhr & 14:00 - 18:00 Uhr
Samstag: 9:00 - 14:00 Uhr",53.377581,10.035267,Dealer,Y,Y,N,N
"Ebike Riviera Tour ","8 boulevard Lech WALESA",,Nice,,FR,"06300 ","+33 6 65 27 52 79",,,,"Monday: closed
Tuesday - Friday: 9 am - 12 pm & 2 - 7 pm
Saturday: 9:30 am - 12 pm & 1:30 - 6 pm",43.699462,7.287171,Dealer,N,Y,N,N
"1000 Räder Hamburg","Krausestraße 116a",,Hamburg,,DE,22049,"+49 40 6525 217",,info@1000raeder.de,https://www.1000raeder.de/,"Montag - Freitag: 10:00 - 19:00 Uhr
Samstag: 10:00 - 16:00 Uhr",53.577294,10.058000,Dealer,Y,Y,N,N
"Nicklas Kleingerätewelt","Bürgermeister-Kleinlein-Straße 2",,Thurnau,,DE,95349,"+49 92289974151",,info@kleingeraetewelt.de,https://www.kleingeraetewelt.de/,"Montag - Freitag: 9:00 - 18:00 Uhr
Samstag: 8:00 - 13:00 Uhr",50.023304,11.390817,Dealer,Y,Y,N,Y
"FanVelo ","426 rue Jenny Vetillard Lieu dit Le Chassagnon ",,"Mazeyrat d'Allier",,FR,43300,"+33 6 33 33 37 66 ",,contact@fanvelo.fr,http://fanvelo.fr/,"Tuesday - Thursday: 5 - 9 pm
Friday: 2 - 7 pm
Saturday: 9 am - 2 pm",45.123053,3.532220,Dealer,N,Y,N,N
"Bike Now","Amberger Straße 95",,Neumarkt,Bayern,DE,92318,"+49 9181 47550",,team@bikenow.de,https://bikenow.de/,"Montag - Freitag: 8:00 - 18:00 Uhr
Samstag: 8:00 - 13:00 Uhr",49.296698,11.480118,Dealer,N,Y,N,Y
"Veloland Blois","Rue Bernard Palissy",,Vineuil,Lorraine,FR,41350,"+33 254500103",,velolandblois@valdeloirevelo.fr,https://valdeloirevelo.fr/,"Monday: 2 pm - 7 pm
Tuesday - Saturday: 10 - 12 am & 2 - 7 pm",47.581201,1.375111,Dealer,N,Y,N,Y
"Val de Loire Velo","15 Rue Arthur Rimband",,Tours,Lorraine,FR,37100,"+33 247633724",,toursnord@valdeloirevelo.fr,https://www.valdeloirevelo.fr/,"Monday: 2 - 7 pm
Tuesday - Saturday: 10 - 12 am & 2 - 7 pm",47.429554,0.708010,Dealer,N,Y,N,Y
"Val de Loire Velo","7 Rue Paul Langevin",,"Chambray les Tours",Lorraine,FR,37170,"+33 247748080",,velolandtours@valdeloirevelo.fr,https://www.valdeloirevelo.fr/,"Monday: 2 - 7 pm
Tuesday - Saturday: 10 - 12 am & 2 - 7 pm",47.327629,0.704564,Dealer,N,Y,N,N
Badbikes,"Dornbergweg 28",,Werningerode,Sachsen-Anhalt,DE,38855,"+49 3943 694 253",,badbikes.online@gmail.com,https://www.rockmachine-germany.de/,"Mo - Fr: 08:30 - 18:30 Uhr
Sa: 09:00 - 13:00 Uhr",51.847513,10.785027,Dealer,Y,Y,N,N
"Velocity Braunschweig GmbH","Kurt-Schumacher-Straße 8",,Braunschweing,Niedersachsen,DE,38102,"+49 531 1231180",,verkauf@velocity-bs.de,https://velocity-bs.de/,"Montag : geschlossen
Dienstag - Freitag: 11:00 - 19:00 Uhr
Samstag: 10:00 - 14:00 Uhr",52.254454,10.535730,Dealer,Y,Y,N,N
"Rad Max ","Marktplatz 7",,Mühlacker,Baden-Wuerttemberg,DE,75417,"+49 172 77 40 890",,info@rad-max.de,https://www.rad-max.de/,"Montag: 14:00  - 18:00 Uhr
Dienstag, Donnerstag & Freitag: 10:00 - 13:00 Uhr & 14:00 - 18:00 Uhr
Mittwoch: 14:00 - 18:00 Uhr
Samstag: 10:00 - 13:00 Uhr",48.940693,8.842049,Dealer,N,Y,N,N
"CICLI BERTINETTI","Via Trieste 47",,Biella,Piedmont,IT,13900,"+39 15406587",,ciclibertinetti@libero.it,,"Tuesday - Friday: 9:00 - 12:00 & 16:00 - 19:00
Saturday: 9:00 - 12:00
",45.557349,8.063099,Dealer,N,Y,N,Y
"Cycles Guyonnet","105 Avenue du Marechal de Lattre",,Niort,Poitou-Charentes,FR,79000,"+33 5 49 73 98 86",,Cycles-guyonnet@orange.fr,,"Monday:  14:00 - 18:00
Tuesday, Thursday, Friday & Saturday: 8:00 12:00 & 14:00 - 18:00",46.323099,-0.467400,Dealer,N,Y,N,Y
"CYCLES EXPERTS BAIN DE BR","1 Rue Lanserva",,Plechatel,Bretagne,FR,35470,"+33 299444650",,sarlh3b@gmail.com,http://cyclexperts.com,"Monday - Friday: 9:30 -12:30 & 14:00 - 19:00
Saturday: 9:30 - 18:00",47.861853,-1.680919,Dealer,N,Y,N,Y
"Martin's Fahrradladen","Alter Hessenweg 23a",,Lüneburg,Niedersachsen,DE,21335,"+49 41319984140",,md.doetsch@gmail.com,,"Dienstag - Freitag: 10:00 - 12:00 & 13:00 - 18:00 Uhr
Samstag: 11:00 - 14:00 Uhr",53.215963,10.388684,Dealer,N,Y,N,Y
"enduroX Hollmann& Richter GbR","Hetzweger Weg 4",,Rotenburg,Niedersachsen,DE,27356,"+49 4261-6826",,INFO@ENDUROX.DE,https://www.endurox.de/,"Montag - Freitag: 09:00 - 18:00 Uhr
Samstag: 10:00 - 13:00 Uhr",53.123767,9.421115,Dealer,Y,Y,N,Y
"Fahrrad-Team Baumann","Im Leimenfeld 7",,Ringsheim,Baden-Wuerttemberg,DE,"77975 ","+49 176/32426587 ",,fahrrad@teambaumann.com,https://www.teambaumann.com/fahrrad,"Montag, Dienstag, Donnerstag & Freitag: 15:30 Uhr- 18:30 Uhr
Mittwoch: geschlossen
Samstag: 10:00 - 13:00 Uhr
",48.247469,7.770771,Dealer,N,Y,N,Y
"Radlmadl ","Lenbachstraße 39",,Schrobenhausen,Bayern,DE,86529,"+49 176 31541822",,info@radlmadl.de,https://radlmadl.de/,"Dienstag - Freitag: 9:00 - 13:00 & 14:00 - 18:00 Uhr
Samstag: 9:00 - 13:00 Uhr",48.559631,11.265000,Dealer,N,Y,N,Y
"Sport Passion GSB","273 chemin de Croupillac",,Ales,Midi-Pyrenees,FR,30100,"+33 4 66 55 17 23",,30ales@culturevelo.com,https://www.culturevelo.com/-Ales-,"Monday - Saturday: 9:30 - 12:30 & 14:30 - 19:00",44.132211,4.104612,Dealer,N,Y,N,N
"GEM BIKES BBMC ","22 avenue du Mont Aigoual",,Ganges,Midi-Pyrenees,FR,34190,"+33 4 99 64 91 73",,34ganges@gem-bikes.com,https://shop.gem-bikes.com/,"Monday: 14:30 - 19:00
Tuesday - Saturday: 9:30 - 12:30 & 14:30 -19:00",43.932283,3.710256,Dealer,N,Y,N,N
"MONBOIPEN SPORT34","2 rue des Joncasses",,"Le Cres",Languedoc-Roussillon,FR,34920,"+33 4 67 72 64 46",,34montpellier-lecres@culturevelo.c,https://www.culturevelo.com/-Mon,"Monday: closed
Tuesday - Saturday: 9:30 -12:00 & 14:00 - 19:00",43.642487,3.939191,Dealer,N,Y,N,N
"Zweirad Würdinger ","Kapuziner Straße 107",,Vilshofen,Bayern,DE,94474,"+49 8541 910710",,info@wuerdinger.de,https://www.wuerdinger.de/,"Montag - Freitag: 09:00 - 18:00 Uhr
Samstag: 9:00 - 13:00 Uhr",48.641274,13.172142,Dealer,N,Y,N,Y
"Zweirad Würdinger","Äußere Spitalhofstraße 2",,Passau,Bayern,DE,94036,"+49 851 6346",,passau@wuerdinger.de,https://www.wuerdinger.de/,"Montag - Freitag: 9:00 - 18:00 Uhr
Samstag: 9:00 - 13:00 Uhr",48.572020,13.444943,Dealer,N,Y,N,Y
"Zweirad Würdinger","Scheiblerstr. 10",,Plattling,Bayern,DE,94447,"+49 9931 8945901",,plattling@wuerdinger.de,https://www.wuerdinger.de/,"Montag - Freitag: 9:00 - 18:00 Uhr
Samstag: 9:00 - 13:00 Uhr",48.788257,12.891239,Dealer,N,Y,N,Y
"Radshop Brunner","Mürwiker Straße 144",,Flensburg,Schleswig-Holstein,DE,24943,"+49 461 312462",,info@eike-brunner.de,http://eike-brunner.de/,"Montag - Freitag: 9:00 - 18:00 Uhr
Samstag: 9:00 - 13:00 Uhr",54.805826,9.458736,Dealer,Y,Y,N,N
"Zweiradhaus Kämpflein","Mittelstraße 35+37","Verkehrsberuhigter Bereich",Daaden,Rheinland-Pfalz,DE,"57567 "," +49 2743 930204 ",," kaempflein@t-online.de",https://www.kaempflein-zweirad.de/,"Montag - Freitag: 10:00 - 13:00 Uhr & 14:00 - 18:00 Uhr
Samstag: 10:00 - 13:00 Uhr
",50.737839,7.971056,Dealer,N,Y,N,Y
"Fahrrad Rapp","Hauptstraße 161",,Kehl,Baden-Wuerttemberg,DE,77694,"+49 785171231",,info@fahrrad-rapp.de,https://www.fahrrad-rapp.de/,"Montag, Dienstag, Donnerstag & Freitag: 9:00 - 13:00 & 14:00 - 18:00 Uhr
Samstag: 9:00 - 13:00 Uhr",48.569055,7.821500,Dealer,N,Y,N,N
"House of Bikes","Eiserfelder Straße 236",,Siegen,Nordrhein-Westfalen,DE,"57080 ","+49 271 3868250 ",," info@house-of-bikes.de",https://www.house-of-bikes-siegen.de/,"Montag - Freitag: 10:00 - 18:00 Uhr
Samstag: 9:00 - 14:00 Uhr",50.850906,7.995825,Dealer,Y,Y,N,Y
"CM Emporio","Piazza Mercato 14",,"Comano Terme","Trentino-Alto Adige",IT,38077,"+39 335 453188",,info@cm-emporio.it,https://cm-emporio.it/,"Monday - Saturday: 6:30 - 12:30 & 15:00 - 19:30
Sunday: 7:00 - 12:00",46.036266,10.868931,Dealer,N,Y,N,Y
"VELOLAND Cannes","Zi Les Tourrades",,Mandelieu,"Provence-Alpes-Cote d'Azur",FR,06210,"+33 493472026",,veloland-cannes@veloland.com,http://veloland.com,"Tuesday - Saturday: 10:00 - 13:00 & 15:00 - 19:00",43.554500,6.954420,Dealer,N,Y,N,N
Motopep,"Via Cesare Battisti 82",,"Pogliano Milanese",Lombardy,IT,20005,"+39 02 934 1902",,motorpep@gmail.com,https://www.motorpepstore.it,"Tuesday - Saturday: 9:00 –12:30 & 15:00 – 19:00
",45.535034,9.004576,Dealer,N,Y,N,Y
"Drahtesel Der Fahrradladen","Saathainer Straße 296",,Elsterwerda,Brandenburg,DE,04910,"+49 6355 164471",,mrz-weber@t-online.de,,"Montag - Freitag: 9:00 - 18:00 Uhr
Samstag: 9:00 - 12:00 Uhr",51.468572,13.495744,Dealer,N,Y,N,Y
"Bike Point Jena","Löbstedter Straße 53",,Jena,Thüringen,DE,07749,"+49 3641 618561",,mail@bike-point-jena.de,https://bike-point-jena.de/,"Montag - Freitag: 10:00 - 18:00 Uhr
Samstag: 10:00 - 13:00 Uhr",50.942010,11.600940,Dealer,N,Y,N,Y
EBike-Warehouse.de,"Hoffeldstr. 104",,Düsseldorf,Nordrhein-Westfalen,DE,40235,"+49 211-4167251",,info@ebike-warehouse.de,https://ebike-warehouse.de/,"Montag - Freitag: 9:30 - 17:30 Uhr
Samstag: 11:00 - 15:00 Uhr",51.226708,6.817234,Dealer,Y,Y,N,Y
"Fahrradladen Bonn","Justus-von-Liebig-Str. 31",,Bonn,Nordrhein-Westfalen,DE,53121,"+49 228 84254877",,info@fahrradladen-bonn.de,https://www.fahrradladen-bonn.de/,,50.739419,7.052456,Dealer,Y,Y,N,Y
"Zweirad Hansen","Steingasse 4",,Blankenheim,Nordrhein-Westfalen,DE,53945,"+49 163 844 333 6",,info@zweirad-hansen.de,https://www.zweirad-hansen.de/,"Dienstag - Freitag: 14:00 - 18:00 Uhr
Samstag: 9:00 - 12:00 Uhr",50.388006,6.740450,Dealer,Y,Y,N,Y
"e-motion eBike Welt Wedel","Langenkamp 28",,Wedel,Schleswig-Holstein,DE,22880,"+49 4103 80 620 81",,wedel@emotion-ebikes.de,https://ebikes-nord.de/home/standorte/wedel/,"Montag - Freitag: 10:00 - 18:30 Uhr
Samstag: 10:00 - 15:30 Uhr",53.573232,9.728139,Dealer,Y,Y,N,N
"e-motion e-Bike Premium-Shop Blankenese","Blankeneser Bahnhofstraße 60",,Hamburg,Hamburg,DE,"22587 ","+49 40 571990352",,blankenese@emotion-bikes.de,https://ebikes-nord.de/blankenese/,"Montag, Dienstag, Donnerstag & Freitag: 10:00 - 18:30 Uhr
Samstag: 10:00 - 15:30 Uhr",53.563065,9.811861,Dealer,N,Y,N,N
Fahrradprofi,"Neumühler Straße 16",,Amberg,Bayern,DE,92224,"+49 9621 7890 010",,fahrradprofi@hotmail.de,https://www.fahrradprofishop.de/,"Montag - Freitag: 8:00 - 18:00 Uhr
Samstag: 9:00 - 13:00 Uhr",49.469414,11.850316,Dealer,N,Y,N,Y
"Bergspezl Puch","Halleiner Landesstraße 50",,"Puch bei Hallein",Salzburg,AT,5412,"+43 6245 730 00",,buero@bergspezl.at,https://bergspezl.at/,"Montag - Freitag: 8:00 - 18:00 Uhr
Samstag: 9:00 - 13:00 Uhr",47.712240,13.092474,Dealer,N,Y,N,Y
"Bergspezl Salzburg","Eberhard-Fugger-Straße 2",,Salzburg,Salzburg,AT,5020,"+43 662 642 555",,verkauf@bergspezl-rad.at,https://bergspezl.at/,"Montag - Freitag: 8:00 - 18:00 Uhr
Samstag: 9:00 - 13:00 Uhr",47.802318,13.067620,Dealer,N,Y,N,Y
"Henco GmbH & Co. KG Westerstede","Kuhlenstr. 27",,Westerstede,Niedersachsen,DE,"26655 ","+49 4488 5204690",,info@henco-gmbh.de,http://www.hencobikes.de,"Montag - Freitag: 9:00 - 18:00 Uhr
Samstag: 9:00 - 14:00 Uhr",53.255510,7.921093,Dealer,Y,Y,N,N
"Henco GmbH & Co. KG Edewecht","Haupstr. 46",,Edewecht,Niedersachsen,DE,"26188 ","+49 4405 9845356",,info@henco-gmbh.de,http://www.hencobikes.de,"Montag - Freitag: 9:00 - 18:00 Uhr
Samstag: 9:00 - 13:00 Uhr",53.128370,7.984920,Dealer,N,Y,N,N
"Henco GmbH & Co. KG Bockhorn","Hilgenholterstr. 49",,Bockhorn,Niedersachsen,DE,"26345 ","+49 4453 9868420",,info@henco-gmbh.de,http://www.hencobikes.de,"Montag - Freitag: 9:30 - 18:00 Uhr
Samstag: 9:30 - 14:00 Uhr",53.371261,8.002813,Dealer,N,Y,N,N
"Henco GmbH & Co. KG Brinkum bei Leer","Gewerbestr. 2",,Brinkum,Niedersachsen,DE,"26835 ","+49 4950 2229",,info@henco-gmbh.de,http://www.hencobikes.de,"Montag - Freitag: 9:00 - 12:30 & 13:30 - 18:00 Uhr
Samstag: 9:00 - 13:00 Uhr",53.268754,7.552577,Dealer,N,Y,N,N
"Henco GmbH & Co. KG Wiesmoor","Neuer Weg  9",,Wiesmoor,Niedersachsen,DE,"26639 ","+49 4944 6329",,info@henco-gmbh.de,http://www.hencobikes.de,"Montag - Freitag: 9:00 - 18:00 Uhr
Samstag: 9:00 - 13:00 Uhr",53.410453,7.725545,Dealer,N,Y,N,N
Elektrorad-Partner,"Hangwerfeld 4",,Havixbeck,Nordrhein-Westfalen,DE,48329,"+49 2507 983705",,info@elektrorad-partner.de,http://www.elektrorad-partner.de,"Montag - Freitag: 8:00 - 13:00 & 15:00 - 18:00 Uhr
Samstag: 10:00 - 13:00 Uhr",51.978714,7.429084,Dealer,N,Y,N,Y
"Zweiradhaus Terbrack ","Bahnhofstraße 18",,Vreden,Nordrhein-Westfalen,DE,48691,"+49 256497999",,info@vredenna.de,http://www.fahrradhaus-terbrack.de/,"Montag - Freitag: 9:00 - 12:30 & 14:00 - 18:00 Uhr
Samstag: 9:00 - 12:30 Uhr",52.031835,6.821651,Dealer,N,Y,N,Y
"Zweirad Dütsch ","Münsterstraße 10 – 12",,Emsdetten,Nordrhein-Westfalen,DE,"48282 ","+49 2572 960 797 4",,emsdetten@zweirad-duetsch.de,https://ebike-emsdetten.de/,"Montag - Freitag: 9:00 – 12:30 & 14:00 – 18:00 Uhr
Samstag: 9:00 – 13:00 Uhr",52.174483,7.535238,Dealer,N,Y,N,Y
"Radwerk Hachen","Am Sportplatz 3",,Sundern,Nordrhein-Westfalen,DE,59846,"+49 2935 1038",,radwerkhachen@gmx.de,https://radwerk-hüsten.de,"Montag - Freitag: 8:30 - 18:00 Uhr
Samstag: 8:30 - 13:00 Uhr",51.372241,7.977513,Dealer,N,Y,N,Y
"Radwerk Hüsten","Kleinbahnstraße 11",,Arnsberg,Nordrhein-Westfalen,DE,59759,"+49 2932 9319993",,radwerkhuesten@gmx.de,https://radwerk-hüsten.de,"Montag - Freitag: 8:30 - 18:00 Uhr
Samstag: 8:30 - 13:00 Uhr",51.432926,7.984571,Dealer,N,Y,N,Y
"A Ruota Libera Varese","Via Cesare Battisti, 17​",,Varese,Varese,IT,21100,"+39 0332 280094",,​aruotalibera1@gmail.com,https://www.aruotaliberavarese.com/,"Monday - Saturday: 9:00 - 12:30 & 15:00 - 19:00",45.821007,8.823626,Dealer,N,Y,N,Y
"A Ruota Libera Castronno","Via Lombardia, 91",,Castronno,Varese,IT,21040,"+39 0332 893170",,aruotalibera1@gmail.com,https://www.aruotaliberavarese.com/,"Monday - Saturday: 9:00 - 12:30 & 15:00 - 19:00",45.763611,8.811900,Dealer,N,Y,N,Y
"Zweirad Center Horst Weynand","Zur Domaine 25",,"Bütgenbach ",Wallonia,BE,4750,"+32 80 64 22 01",,weynand.horst@skynet.be,https://h-weynand.be/,"Monday: closed
Tuesday - Friday: 9:00 - 12:00 & 13:00 - 18:00
Saturday: 9:00 - 12:00 & 13:00 - 16:00 (during winter until 15:00)",50.412309,6.220246,Dealer,Y,Y,N,N
"e-Bike Corner","Wernberger Straße 48",,Pfreimd,Bayern,DE,92536,"+49 96065979430",,info@ebike-corner.de,https://ebike-corner.de/,"Montag: geschlossen
Dienstag - Freitag: 9:00 - 12:00 & 13:00 - 18:00 Uhr
Samstag: 9:00 - 14:00 Uhr",49.502327,12.182867,Dealer,Y,Y,N,Y
"Les Cycles Clemer","124 A, rue du Général de Gaulle ",,"La Neuville en Hez",Haute-Normandie,FR,60510,"+33 3 44 68 03 72",,cyclesclemer@outlook.com,http://www.cyclesclemer.fr,"Monday: closed
Tuesday - Saturday: 9:30 - 12:00 & 14:00 - 18:30",49.404782,2.322003,Dealer,N,Y,N,Y
"2Rad Leuer","Hauptstraße 50",,Meckenheim,Nordrhein-Westfalen,DE,53340,"+492225 2272",,info@2rad-leuer.de,https://www.2rad-leuer.de/,"Montag: geschlossen
Dienstag - Freitag: 10:00 - 13:00 & 14:00 - 18:30 Uhr
Samstag: 10:00 - 14:00 Uhr",50.623142,7.021424,Dealer,N,Y,N,Y
"Zweirad Hees","Hammersraße 19",,Kreuztal,Nordrhein-Westfalen,DE,57223,"+49 2732-79843 0",,info@zweirad-hees.com,https://www.zweirad-hees.com/,"Montag - Freitag: 10:00 - 18:00 Uhr
Samstag: 10:00 - 13:00 Uhr",50.980310,7.979547,Dealer,N,Y,N,Y
Zweirad-Schmiede,"Zum Königsberg 5",,Erkelenz,Nordrhein-Westfalen,DE,41812,"+49 2435 3314",,zweirad-schmiede@online.de,https://www.zweirad-schmiede.de/,"Montag, Dienstag, Donnerstag & Freitag: 9:00 - 18:30 Uhr
Mittwoch: 9:00 - 12:30 Uhr
Samstag: 9:00 - 14:00 Uhr",51.029889,6.325645,Dealer,N,Y,N,Y
"Velo City Soest","Elfser Weg 27a",,Soest,Nordrhein-Westfalen,DE,"59494 ","+49 2921 31318",,info@velo-city-soest.de,https://www.velo-city-soest.de/,"Montag, Dienstag, Donnerstag & Freitag: 10:00 - 18:00 Uhr
Mittwoch: 10:00 - 13:00 Uhr
Samstag: 10:00 - 14:00 Uhr",51.563610,8.125177,Dealer,N,Y,N,Y
"Takari Cicli","VIA NICOLÒ REZZARA 14/16",,"RANICA (BG)",Bologna,IT,"24020 ",+39035514313,,info@takari.it,https://www.takari.it/,"Monday: 15:00 - 19:00
Tuesday -  Friday: 9:00 - 12:30 & 15:00 - 19:00
Saturday: 9:00 - 12:30",45.720652,9.721738,Dealer,N,Y,N,Y
"E-Bike Shop Gevelsberg","Körnerstraße 79",,Gevelsberg,Nordrhein-Westfalen,DE,58285,"+49 176 31390444",,info@ebike-shop.eu,http://www.ebike-shop.eu,"Montag: geschlossen
Dienstag - Freitag: 13:00 - 18:00 Uhr
Samstag: 10:00 - 14:00 Uhr",51.321478,7.335997,Dealer,Y,Y,N,Y
"E-Bike Shop Ennepetal","Berninghauser Str. 2",,Ennepetal,Nordrhein-Westfalen,DE,58256,"+49 176 62425684",,info@ebike-shop.eu,http://info@ebike-shop.eu,"Montag: geschlossen
Dienstag - Freitag: 13:00 - 18:00 Uhr
Samstag: 10:00 - 14:00 Uhr",51.297856,7.351478,Dealer,N,Y,N,Y
"E-Bike ServicePoint Riegersburg","Riegersburg 53b",,Riegersburg,Steiermark,AT,8333,"+43 681 84619785",,,https://bauerbikes.com/standorte/standort-riegersburg/,"Freitag: 10:00 - 13:00 Uhr 
Samstag: 10:00 - 13:00 Uhr ",46.996641,15.941665,Dealer,N,Y,N,Y
"Bike Activ","Taunusstraße 44",,Großkrotzenburg,Hessen,DE,63538,"+49 6186 201310",,info@bike-activ.de,https://bike-activ.de/,"Montag, Dienstag, Donnerstag & Freitag: 10:00 - 13:00  &14:00 - 18:00 Uhr
Mittwoch: geschlossen
Samstag: 9:00 - 13:00 Uhr",50.083582,8.974159,Dealer,N,Y,N,Y
"Fahrrad Heidemann","Saarstraße 6a",,Trier,Rheinland-Pfalz,DE,54290,"+49 651 9945227",,info@fahrrad-heidemann.de,https://www.fahrrad-heidemann.de/,"Montag: geschlossen
Dienstag - Freitag: 9:00 - 18:00 Uhr
Samstag: 9:00 - 14:00 Uhr",49.749125,6.636651,Dealer,N,Y,N,Y
"Radlladen am Schweinemarkt","Hauptstraße 8",,Pegnitz,Bayern,DE,91257,"+49 9241 4986630",,radlladen.am.schweinemarkt@gmail,https://radlladen-am-schweinemarkt.de/,"Montag, Donnerstag & Freitag: 10:00 - 18:00 Uhr
Dienstag: nach Vereinbarung
Mittwoch: geschlossen
Samstag: 10:00 - 12:00 Uhr",49.756596,11.543414,Dealer,N,Y,N,Y
"EBIKE LAB","Viale Lecco 79",,Como,Como,IT,22100,"+39 3102270072",,info@ebikelab.it,http://www.ebikelab.it,"Monday - Friday: 9:30 - 12:30 & 14:30 - 19:00",45.808980,9.087737,Dealer,N,Y,N,Y
"Kiki´s Fahrradhaus Silbernagl","Am Römerstein 16",,Gilching,Bayern,DE,82205,"+49 81055036",,info@fahrradhaus-silbernagl.de,http://www.fahrradhaus-silbernagl.de,"Montag, Dienstag, Donnerstag & Freitag: 10:00 - 18:00 Uhr
Mittwoch: geschlossen
Samstag: 10:00 - 14:00 Uhr",48.105737,11.305102,Dealer,N,Y,N,Y
"Velo Sport Werner Otto GmbH","Pastor Niemöller Platz 8",,Berlin,Berlin,DE,13156,"+49 30 20093711",,info@premium-bikeshop.de,https://www.premium-bikeshop.de/,"Montag - Freitag: 10:00 - 19:00 Uhr
Samstag: geschlossen",52.579787,13.396914,Dealer,N,Y,N,Y
"Zweirad Müller","Frankfurter Strasse 67",,"Bad Vilbel",Hessen,DE,61118,"+49 6101 85826",,info@fahrrad-mueller.info,https://www.fahrrad-mueller.info,"Montag, Dienstag, Donnerstag & Freitag: 8:30 (10:00*) - 12:30 Uhr & 14:30 - 18:00 Uhr
Mittwoch: 8:30 (10:00*) - 12:30 Uhr
Samstag: 8:30 (10:00*) - 13:00 Uhr
* In der Zeit vom 14.10.2024 bis 28.02.2025 erst ab 10:00 Uhr",50.180394,8.740399,Dealer,N,Y,N,Y
"HB Zero ","Via Cesare Battisti 61",,"Costa Volpino BG",Bergamo,IT,24062,"+39 3356557739 ",,hbzerobike@gmail.com,https://www.hbzerosrl.it/,"Monday - Friday: 8:30 - 12:30 & 14:00 - 19:30
Saturday: 8:30 - 18:30 ",45.823665,10.108221,Dealer,N,Y,N,Y
"Die Fahrradprofis","Wangener Straße 17",,Ravensburg,Baden-Wuerttemberg,DE,88212,"+49 751 362994 0",,shop@fahrradprofis.de,https://www.fahrradprofis.de/,"Montag - Freitag: 10:00 - 18:00 Uhr
Samstag: 9:00 - 16:00 Uhr",47.777171,9.619251,Dealer,N,Y,N,Y
"BIKE POINT JENA-OST","Breite Straße 2","Ecke K.-Liebknecht-Straße",Jena,Thüringen,DE,07749,"+49 3641 827110",,mail@bike-point-jena.de,https://bike-point-jena.de/,"Montag - Freitag: 10:00 - 18:00 Uhr
Samstag: 10:00 - 13:00 Uhr",50.932170,11.605501,Dealer,N,Y,N,Y
"HM Racing","Hauptstra0e 120",,Hage,Niedersachsen,DE,26524,"+49 4931 9301115",,info@powerformx.de,http://powerformx.de/,"Montag, Dienstag, Mittwoch & Freitag: 9:00 - 12:00 & 14:00 - 17:00 Uhr
Donnerstag: 9:00 - 12:00 & 14:00 - 19:00 Uhr
Samstag: 9:00 - 12:00 Uhr",53.603031,7.276639,Dealer,Y,Y,N,N
"RADWerk Görlitz","Heilige-Grab-Straße 26",,Görlitz,Sachsen,DE,"02826 ","+49 3581 4298990",,epost@radwerk-goerlitz.de,https://www.radwerk.online/,"Montag - Freitag: 9:00 - 18:00 Uhr
Samstag: 9:00 - 12:00 Uhr",51.159704,14.977407,Dealer,N,Y,N,Y
"Rad-Konzept Mario Johannsohn","Ernst-Thälmann-Straße 125",,Senftenberg,Brandenburg,DE,01968,"+49 35738100811",,radkonzept-senftenberg@web.de,,"Montag - Freitag: 9:00 - 18:00 Uhr
Samstag: 9:00 - 12:00 Uhr",51.522387,13.981763,Dealer,N,Y,N,Y
"Radsport Claassen","Judenstraße 24",,Kempen,Nordrhein-Westfalen,DE,47906,"+49 2152 3398",,info@radsport-claassen.de,https://radsport-claassen.de/,"Montag - Freitag: 9:00 - 13:00 & 14:00 - 18:30 Uhr
Samstag: 10:00 - 14:00 Uhr",51.364809,6.419228,Dealer,Y,Y,N,Y
"MTB Store","Langwahn 100",,Eschweiler,Nordrhein-Westfalen,DE,52249,"+49 240322497",,info@mtb-store.de,https://www.mtb-store.de/,"Montag, Mittwoch & Freitag: 13:00 - 18:00 Uhr
Samstag: 10:00 - 13:00 Uhr",50.816293,6.259344,Dealer,N,Y,N,Y
"Zweirad Nübling","Rudolf Diesel Straße 9",,Denzlingen,Baden-Wuerttemberg,DE,79211,"+49 7666 5078",,info@zweirad-nuebling.de,https://www.zweirad-nuebling.de/,"Montag, Dienstag, Donnerstag & Freitag: 8:00 - 12:30 & 14:00 - 18:00 Uhr
Mittwoch: 8:00 - 12:30 Uhr
Samstag: 9:00 - 13:00 Uhr",48.075166,7.883081,Dealer,N,Y,N,N
"Radwelt Main-Tauber","Wilhelm-Frank-Straße 82",,"Bad Mergentheim",Baden-Wuerttemberg,DE,97980,"+49 7931 520 21",,info@radwelt-mt.de,https://www.radwelt-main-tauber.de/,"Montag: geschlossen
Dienstag - Freitag: 9:00 -13:00 & 14:00 - 18:00 Uhr
Samstag: 9:00 - 13:00 Uhr",49.497884,9.759237,Dealer,Y,Y,N,Y
"Bikes Only","Jakob-Krebs-Straße 124g",,Willich-Anraht,Nordrhein-Westfalen,DE,4787,"+49 2156 915370",,info@bikesonlywillich.de,https://www.bikesonlywillich.de/,"Montag - Freitag: 9:30 - 18:00 Uhr
Samstag: 9:30 - 14:00 Uhr",51.284239,6.451372,Dealer,Y,Y,N,Y
"Kraft Rad GmbH","Roitzheimer Straße 113",,Euskirchen,,DE,53879,"+49 2251 2758",,euskirchen@zweirad-kraft.de,https://www.zweirad-kraft.de/,"Montag - Freitag: 10:00 - 19:00 Uhr
Samstag: 10:00 -17:00 Uhr",50.652993,6.799947,Dealer,Y,Y,N,Y
"Kraft Rad GmbH","Ernst-Heinrich-Geist-Straße 7",,Frechen,Nordrhein-Westfalen,DE,50226,"+49 2234 911930",,frechen@zweirad-kraft.de,https://www.zweirad-kraft.de/,"Montag - Freitag: 10:00 - 19:00 Uhr
Samstag: 10:00 -17:00 Uhr",50.908724,6.820961,Dealer,Y,Y,N,Y
"Radsport Borens","Aegidienberger Straße 1",,"Bad Honnef",Nordrhein-Westfalen,DE,53604,"+49 2224820750",,verkauf@radsport-borens.de,https://www.radsport-borens.de/,"Montag, Dienstag, Donnerstag & Freitag: 9:30 - 13:00 & 14:30 - 18:30 Uhr
Mittwoch: 9:30 - 13:00 Uhr
Samstag: 9:30 - 14:00 Uhr",50.652518,7.301716,Dealer,N,Y,N,Y
"eBike Welt Hanau","Johann-Carl-Koch-Straße 7",,Hanau,Hessen,DE,63452,"+49 6181 911 99 0",,office@ebikewelthanau.de,https://ebikewelthanau.de/,"Montag: geschlossen
Dienstag - Freitag: 10:00 - 19:00 Uhr
Samstag: 10:00 -15:00 Uhr",50.145773,8.941646,Dealer,Y,Y,N,Y
"Zweirad Stephan","Untere Hauptstraße 1a",,Thalheim,Sachsen,DE,09380,"+49 3721 84484",,stephan-thalheim@t-online.de,https://zweirad-stephan.de/de/,"Montag - Freitag: 9:00 - 18:00 Uhr
Samstag: 9:00 - 12:00 Uhr (ausgenommen September bis Februar)",50.703204,12.853124,Dealer,N,Y,N,Y
"Zweirad Käppner","Friedrichstraße 34",,Neundorf,Sachsen-Anhalt,DE,39418,"+49 3925 378951",,,,"Montag - Freitag: 9:00 - 18:00 Uhr",51.819118,11.574590,Dealer,N,Y,N,Y
"Zweirad Sebold","Duisburger Straße 147",,"Mühlheim an der Ruhr",Nordrhein-Westfalen,DE,45479,"+49 208 425232",,info@zweirad-sebold.de,https://www.zweirad-sebold.de/,"Montag: geschlossen
Dienstag - Freitag: 9:00 - 13:00 & 14:00 - 18:30 Uhr
Samstag: 9:00 - 13:00 Uhr",51.426785,6.859285,Dealer,N,Y,N,Y
"Waterkant eBikes GmbH","Maurerstraße 3",,"Buchholz i.d.N.",Niedersachsen,DE,21244,"+49 41819284870",,nordheide@emotion-ebikes.de,https://emotion-technologies.de/nordheide/,"Montag: geschlossen
Dienstag - Freitag: 10:00 - 18:30 Uhr
Samstag: 10:00 - 14:00 Uhr",53.346374,9.859527,Dealer,N,Y,N,N
"e-motion e-Bike Welt Stade - Altes Land","Hansestraße 32",,Stade,Niedersachsen,DE,21682,"+49 4141 4263130",,stade@emotion-ebikes.de,https://emotion-technologies.de/stade/,"Montag: geschlossen
Dienstag - Freitag: 10:00 - 18:30 Uhr
Samstag: 10:00 - 14:00 Uhr",53.609490,9.476110,Dealer,Y,Y,N,N
"vit:bikes Hann.Münden","Veckerhäger Str. 30",,Hann.Münden,Niedersachsen,DE,34346,"+49 5541 98250",,info@schelp.de,https://schelp.de/,"Montag - Freitag:	8:30 - 18:00 Uhr
Samsatag: 8:30 - 13:00 Uhr",51.420138,9.644543,Dealer,N,Y,N,N
"vit:bikes Erding","Franz-Brombach-Straße 11",,Erding,Bayern,DE,84435,"+49 8122 9419481",,erding@vitbikes.de,http://www.vitbikes.de,"Montag: geschlossen
Dienstag - Freitag: 10:00 - 18:00 Uhr
Samstag: 10:00 - 15:00 Uhr",48.312868,11.890701,Dealer,N,Y,N,Y
"Lili´s Radl-Laden","Martin-Luther-Straße 25",,Hersbruck,Bayern,DE,91217,"+49 9151 9050580",,info@lilis-radlladen.de,http://www.lilis-radlladen.de,"Montag - Freitag: 10:00 - 18:00 Uhr
Samstag: 10:00 - 13:00 Uhr
In den Wintermonaten: Mittwochs nur bis 13:00 Uhr",49.508139,11.431643,Dealer,N,Y,N,Y
"Zweirad-Center Van de Stay GmbH","An St. Sebastian 40",,Nettetal,Nordrhein-Westfalen,DE,41334,"+49 2153 405405",,lobberich@van-de-Stay.de,http://www.van-de-stay.de/,"Montag, Dienstag, Donnerstag & Freitag: 9:00 - 13:00 & 14:00 - 18:00 Uhr
Mittwoch & Samstag: 9:00 - 13:00 Uhr
",51.308810,6.272850,Dealer,N,Y,N,Y
"Zweirad-Center Van de Stay GmbH","Ostwall 10",,Straelen,Nordrhein-Westfalen,DE,47638,"+49 2834 91888",,fahrrad@van-de-Stay.de,http://www.van-de-stay.de/,"Montag, Dienstag, Donnerstag & Freitag: 9:00 - 13:00 & 14:00 - 18:00 Uhr
Mittwoch & Samstag: 9:00 - 13:00 Uhr",51.445974,6.267811,Dealer,N,Y,N,Y
"Jonito Bikes","Taschenmacherstr. 12",,Lübeck,Schleswig-Holstein,DE,23556,"+49 451 79 08 47 15 0",,info@jonito.com,http://www.jonito.com,"Montag: geschlossen
Dienstag - Freitag: 12:00 - 18:00 Uhr
Samstag: geschlossen",53.867656,10.605456,Dealer,N,Y,N,N
"Die Bike Company","Bundesstraße 38a",,Brietlingen,Niedersachsen,DE,21382,"+49 4133 2022 368",,info@die-bike-company.de,http://www.die-bike-company.de,"Montag, Dienstag, Donnerstag & Freitag: 10:00 - 18:00 Uhr
Mittwoch: geschlossen
Samstag: 10:00 - 15:00 Uhr",53.328201,10.443659,Dealer,Y,Y,N,N
Drahteisel,"Hauptstraße 23",,Rosental,Steiermark,AT,8582,"+43 3142 26881",,rad@drahteisel.at,https://drahteisel.at/,"Montag - Freitag: 9:00 - 18:00 Uhr
Samstag: 9:00 - 12:00 Uhr",47.052040,15.125746,Dealer,N,Y,N,Y
"Little John Bikes Berlin-Steglitz","Rheinstraße 41",,Berlin,Berlin,DE,12161,"+49 30 85408950",,be10@littlejohnbikes.com,https://littlejohnbikes.de,,52.465130,13.329467,Dealer,N,Y,N,Y
"Little John Bikes Berlin-Kreuzberg","Hasenheide 61",,Berlin,Berlin,DE,10967,"+49 30 61203765",,be3@littlejohnbikes.com,https://littlejohnbikes.de,,52.488683,13.408413,Dealer,N,Y,N,Y
"Little John Bikes Berlin-Mariendorf","Mariendorfer Damm 433",,Berlin,Berlin,DE,12107,"+49 30 70072707",,be5@littlejohnbikes.co,https://littlejohnbikes.de,,52.416350,13.400501,Dealer,N,Y,N,Y
"Little John Bikes Berlin-Friedrichshain","Frankfurter Allee 71-77",,Berlin,Berlin,DE,10247,"+49 30 42804516",,be6@littlejohnbikes.com,https://littlejohnbikes.de,,52.515092,13.468626,Dealer,N,Y,N,Y
"Little John Bikes Berlin-Schöneberg","Potsdamer Straße 162",,Berlin,Berlin,DE,10783,"+49 30 23627310",,be7@littlejohnbikes.com,https://littlejohnbikes.de,,52.495806,13.360630,Dealer,N,Y,N,Y
"Little John Bikes Berlin-Prenzlauer Berg","Prenzlauer Allee 177a",,Berlin,Berlin,DE,10409,"+49 30 46796810",,be8@littlejohnbikes.com,https://littlejohnbikes.de,,52.545117,13.427144,Dealer,N,Y,N,Y
"Little John Bikes Berlin-Gesundbrunnen","Grüntalerstraße 2",,Berlin,Berlin,DE,13357,"+49 30 49308080",,be9@littlejohnbikes.com,https://littlejohnbikes.de,,52.550824,13.385267,Dealer,N,Y,N,Y
"Little John Bikes Bitterfeld","Bismarckstraße 45",,Bitterfeld,Sachsen-Anhalt,DE,06749,"+49 3493 9223227",,bf1@littlejohnbikes.com,https://littlejohnbikes.de,,51.620447,12.319821,Dealer,N,Y,N,Y
"ePedalics Bad Nenndorf","Piepmühle 1-11",,"Bad Nenndorf",Niedersachsen,DE,31542,,,bn1@epedalics.de,https://epedalics.de,,52.335700,9.403460,Dealer,N,Y,N,Y
"Little John Bikes Brandenburg Havel","Upstallstraße 15",,"Brandenburg an der Havel",Brandenburg,DE,14772,"+49 3381 7391965",,br1@littlejohnbikes.com,https://littlejohnbikes.de,,52.432187,12.537076,Dealer,N,Y,N,Y
"Little John Bikes Bautzen","Neusalzaer Straße 58",,Bautzen,Sachsen,DE,02625,"+49 3591 530507",,bz1@littlejohnbikes.com,https://littlejohnbikes.de,,51.166791,14.425563,Dealer,N,Y,N,Y
"Little John Bikes Cottbus","Berliner Straße 24",,Cottbus,Brandenburg,DE,03046,"+49 355 715062",,cb1@littlejohnbikes.com,https://littlejohnbikes.de,,51.760741,14.322695,Dealer,N,Y,N,Y
"ePedalics Chemnitz","Annaberger Straße 315",,Chemnitz,Sachsen,DE,09125,"+49 371 3550888",,ch2@epedalics.de,https://epedalics.de,,50.796632,12.921887,Dealer,N,Y,N,Y
"Little John Bikes Dresden-Mickten","Lommatzscher Straße 53",,Dresden,Sachsen,DE,01139,"+49 351 8438568",,dd2@littlejohnbikes.com,https://littlejohnbikes.de,,51.082079,13.703600,Dealer,N,Y,N,Y
"Little John Bikes Dresden-Löbtau","Tharandter Straße 48",,Dresden,Sachsen,DE,01159,"+49 351 4867825",,dd3@littlejohnbikes.com,https://littlejohnbikes.de,,51.036074,13.703991,Dealer,N,Y,N,Y
"Little John Bikes Dresden-Seidnitz","Rennplatzstraße 26",,Dresden,Sachsen,DE,01237,"+49 351 2056342",,dd4@littlejohnbikes.com,https://littlejohnbikes.de,,51.025034,13.797352,Dealer,N,Y,N,Y
"Little John Bikes Dresden -Johannstadt","Pfotenhauer Straße 7",,Dresden,Sachsen,DE,01307,"+49 351 47004212",,dd5@littlejohnbikes.com,https://littlejohnbikes.de,,51.056476,13.765155,Dealer,N,Y,N,Y
"Little John Bikes Dessau-Roßlau","Kavalierstraße 82",,Dessau,Sachsen-Anhalt,DE,06844,"+49 340 2168989",,de1@littlejohnbikes.com,https://littlejohnbikes.de,,51.831100,12.241810,Dealer,N,Y,N,Y
"Little John Bikes Duisburg-Neudorf","Sternbuschweg 95",,Duisburg,Nordrhein-Westfalen,DE,47057,"+49 203 2898488",,du3@littlejohnbikes.com,https://littlejohnbikes.de,,51.427927,6.793139,Dealer,Y,Y,N,Y
"Little John Bikes Duisburg-Buchholz","Sittardsberger Allee 21",,Duisburg,Nordrhein-Westfalen,DE,47249,"+49 203 701293",,du4@littlejohnbikes.com,https://littlejohnbikes.de,,51.377419,6.761402,Dealer,Y,Y,N,Y
"Little John Bikes Eisenach","Bahnhofstraße 8 - 32",,Eisenach,,DE,99817,,,ea1@littlejohnbikes.com,https://littlejohnbikes.de,,50.976375,10.327605,Dealer,N,Y,N,Y
"Little John Bikes Erfurt","Leipziger Straße 56b",,Erfurt,,DE,99085,"+49 361 55069771",,ef1@littlejohnbikes.com,https://littlejohnbikes.de,,50.986063,11.049997,Dealer,N,Y,N,Y
"Little John Bikes Erkrath","Schimmelbuschstraße 19",,Erkrath,Nordrhein-Westfalen,DE,40699,"+49 2104 43919",,et1@littlejohnbikes.com,https://littlejohnbikes.de,,51.216298,6.946711,Dealer,N,Y,N,Y
"Little John Bikes Eberswalde","Schneidemühlenweg 1",,Eberswalde,Brandenburg,DE,16225,"+49 3334 3868226",,ew1@littlejohnbikes.com,https://littlejohnbikes.de,,52.836511,13.805097,Dealer,N,Y,N,Y
"Little John Bikes Erkelenz","August-Horch-Straße 5",,Erkelenz,Nordrhein-Westfalen,DE,41812,"+49 2431 6620",,ez1@littlejohnbikes.com,https://littlejohnbikes.de,,51.076229,6.306741,Dealer,Y,Y,N,Y
"Little John Bikes Frankfurt (Oder)","Berliner Straße 40",,"Frankfurt (Oder)",Brandenburg,DE,15230,"+49 335 40163430",,ff1@littlejohnbikes.com,https://littlejohnbikes.de,,52.351439,14.548412,Dealer,N,Y,N,Y
"Little John Bikes Freiberg","Häuersteig 2",,Freiberg,Brandenburg,DE,09599,"+49 3731 2449086",,fg1@littlejohnbikes.com,https://littlejohnbikes.de,,50.895292,13.328423,Dealer,N,Y,N,Y
"Little John Bikes Falkensee","Spandauer Straße 112",,Falkensee,Sachsen,DE,14612,"+49 3322 4260117",,fs1@littlejohnbikes.com,https://littlejohnbikes.de,,52.561838,13.128903,Dealer,N,Y,N,Y
"Little John Bikes Greifswald","Gützkower Straße 81/82",,Greifswald,Mecklenburg-Vorpommern,DE,17489,"+49 3834 8890777",,gf1@littlejohnbikes.com,https://littlejohnbikes.de,,54.091351,13.380086,Dealer,N,Y,N,Y
"Little John Bikes Görlitz","Am Hopfenfeld 6",,Görlitz,Sachsen,DE,02828,"+49 3581 313166",,gr3@littlejohnbikes.com,https://littlejohnbikes.de,,51.169830,14.968234,Dealer,N,Y,N,Y
"Little John Bikes Gotha","Bertha von Suttner Platz 2-8",,Gotha,Thüringen,DE,99867,"+49 3621 7367601",,gt1@littlejohnbikes.com,https://littlejohnbikes.de,,50.950656,10.698622,Dealer,N,Y,N,Y
"Little John Bikes Güstrow","Speicherstraße 1",,Güstrow,Mecklenburg-Vorpommern,DE,18273,"+49 3843 681193",,gw1@littlejohnbikes.com,https://littlejohnbikes.de,,53.799515,12.171209,Dealer,N,Y,N,Y
"Little John Bikes Halle Mitte","Mansfelder Straße 15",,Halle,Sachsen-Anhalt,DE,06108,,,ha1@littlejohnbikes.com,https://littlejohnbikes.de,,51.481174,11.957822,Dealer,N,Y,N,Y
"ePedalics Bremen","Kirchhuchtinger Landstraße 36",,Bremen,Bremen,DE,28259,"+49 421 5799293",,hb1@epedalics.de,https://epedalics.de,,53.050283,8.740196,Dealer,N,Y,N,Y
"Little John Bikes Hilden","Am Kronengarten 21",,Hilden,Nordrhein-Westfalen,DE,40721,"+49 2103 286660",,hi1@littlejohnbikes.com,https://littlejohnbikes.de,,51.168498,6.939083,Dealer,Y,Y,N,Y
"Little John Bikes Hof","Wunsiedler Straße 16",,Hof,Bayern,DE,95032,"+49 9281 1441909",,ho1@littlejohnbikes.com,https://littlejohnbikes.de,,50.303136,11.922912,Dealer,N,Y,N,Y
"Little John Bikes Hoyerswerda","Senftenberger Straße 1",,Hoyerswerda,Sachsen,DE,02977,"+49 3571 600719",,hy1@littlejohnbikes.com,https://littlejohnbikes.de,,51.438832,14.243108,Dealer,N,Y,N,Y
"Little John Bikes Leipzig-Rückmarsdorf","Großer Marktweg 2",,Leipzig,Sachsen,DE,04178,"+49 341 4417641",,le1@littlejohnbikes.com,https://littlejohnbikes.de,,51.345610,12.263257,Dealer,N,Y,N,Y
"Little John Bikes Leipzig-Zentrum","Martin-Luther-Ring 3-5",,Leipzig,Sachsen,DE,04109,"+49 341 4625919",,le5@littlejohnbikes.com,https://littlejohnbikes.de,,51.335008,12.371596,Dealer,N,Y,N,Y
"Little John Bikes Magdeburg-Neustadt","Lübecker Straße 92",,Magdeburg,Sachsen-Anhalt,DE,39124,"+49 391 2581627",,md1@littlejohnbikes.com,https://littlejohnbikes.de,,52.161623,11.636110,Dealer,N,Y,N,Y
"Little John Bikes Magdeburg-Altstadt","Alter Markt 13/14",,Magdeburg,Sachsen-Anhalt,DE,39104,"+49 391 5556203",,md2@littlejohnbikes.com,https://littlejohnbikes.de,,52.131709,11.637289,Dealer,N,Y,N,Y
"Little John Bikes Magdeburg-Hermsdorf","Am Elbepark 1",,Hermsdorf,Thüringen,DE,39326,"+49 39206 689540",,md3@littlejohnbikes.com,https://littlejohnbikes.de,,52.178295,11.481949,Dealer,N,Y,N,Y
"Little John Bikes Mühlhausen","Wendewehrstraße 130",,Mühlhausen,Thüringen,DE,99974,"+49 3601 4086680",,mh1@littlejohnbikes.com,https://littlejohnbikes.de,,51.216046,10.464866,Dealer,N,Y,N,Y
"Little John Bikes Neubrandenburg","Juri-Gagarin-Ring 1",,Neubrandenburg,Mecklenburg-Vorpommern,DE,17036,"+49 395 45503043",,nb1@littlejohnbikes.com,https://littlejohnbikes.de,,53.553977,13.293872,Dealer,N,Y,N,Y
"Little John Bikes Nordhausen","Alte Leipziger Straße 57",,Nordhausen,Thüringen,DE,99734,,,nh1@littlejohnbikes.com,https://littlejohnbikes.de,,51.489427,10.832426,Dealer,N,Y,N,Y
"Little John Bikes Niederkrüchten","Gewerbering 24",,Niederkrüchten,Nordrhein-Westfalen,DE,41372,"+49 2163 8896271",,ni1@littlejohnbikes.com,https://littlejohnbikes.de,,51.210572,6.180380,Dealer,Y,Y,N,Y
"Little John Bikes Neukirch/Lausitz","Oststraße 29",,Neukirch,Sachsen,DE,01904,"+49 35951 34333",,nk2@littlejohnbikes.com,https://littlejohnbikes.de,,51.097348,14.335444,Dealer,N,Y,N,Y
"Little John Bikes Oranienburg","Lehnitzstraße 87-89",,Oranienburg,Brandenburg,DE,16515,"+49 3301 5771854",,or1@littlejohnbikes.com,https://littlejohnbikes.de,,52.744506,13.254760,Dealer,N,Y,N,Y
"Little John Bikes Plauen","Pausaer Straße 281a",,Plauen,Sachsen,DE,08525,"+49 3741 1494676",,pl1@littlejohnbikes.com,https://littlejohnbikes.de,,50.524787,12.110318,Dealer,N,Y,N,Y
"ePedalics Ratingen","Homberger Str. 19",,Ratingen,Nordrhein-Westfalen,DE,40882,"+49 2102 843279",,ra1@epedalics.de,https://epedalics.de,,51.296135,6.866396,Dealer,Y,Y,N,Y
"Little John Bikes Rostock-Schmarl","Handwerkstraße 1",,Rostock,Mecklenburg-Vorpommern,DE,18069,"+49 381 12830975",,ro2@littlejohnbikes.com,https://littlejohnbikes.de,,54.123954,12.074562,Dealer,N,Y,N,Y
"Little John Bikes Stendal","Gneisenaustraße 2",,Stendal,Sachsen-Anhalt,DE,39576,"+49 3931 4186809",,sd1@littlejohnbikes.com,https://littlejohnbikes.de,,52.610314,11.842149,Dealer,N,Y,N,Y
"Little John Bikes Schwerin","Am Margaretenhof 26",,Schwerin,Mecklenburg-Vorpommern,DE,19057,"+49 385 4866165",,sn1@littlejohnbikes.com,https://littlejohnbikes.de,,53.659943,11.361394,Dealer,N,Y,N,Y
"Little John Bikes Spremberg","Friedrichstraße 39",,Spremberg,Brandenburg,DE,03130,"+49 3563 348486",,sp1@littlejohnbikes.com,https://littlejohnbikes.de,,51.568968,14.376058,Dealer,N,Y,N,Y
"Little John Bikes Stralsund","Grünhufer Bogen 15",,Stralsund,Mecklenburg-Vorpommern,DE,18437,"+49 3831 3079622",,st1@littlejohnbikes.com,https://littlejohnbikes.de,,54.305668,13.041992,Dealer,N,Y,N,Y
"Little John Bikes Wittenberg","Elbstraße 3A",,Wittenberg,Sachsen-Anhalt,DE,06886,"+49 3491 8774333",,wb1@littlejohnbikes.com,https://littlejohnbikes.de,,51.864416,12.642837,Dealer,N,Y,N,Y
"ePedalics Weimar","Nordstraße 1a",,Weimar,Thüringen,DE,99427,"+49 3643 779900",,we1@epedalics.de,https://epedalics.de,,50.999305,11.332225,Dealer,N,Y,N,Y
"Little John Bikes Weißenfels","Max-Planck-Straße 1",,Weißenfels,Sachsen-Anhalt,DE,06667,"+49 3443 3387880",,wf1@littlejohnbikes.com,https://littlejohnbikes.de,,51.188350,11.981250,Dealer,N,Y,N,Y
"Little John Bikes Wismar","Am Kleinen Stadtfeld 5",,Wismar,Mecklenburg-Vorpommern,DE,23970,"+49 3841 7589202",,wi1@littlejohnbikes.com,https://littlejohnbikes.de,,53.873802,11.447807,Dealer,N,Y,N,Y
"Sormitz-Tandem Lutz Wohlfarth","Lehestener Straße 10",,Wurbach,Thüringen,DE,07343,"+49 1522 368 378 0",,vertrieb@sormitz-tandem.de,http://www.sormitz-tandem.de,"Ab April 2025
Montag: geschlossen
Dienstag: 9:00 - 14:00 & 16:00 - 19:00 Uhr
Mittwoch: 9:00 - 14:00 & 16:00 - 18:00 Uhr
Donnerstag: 9:00 - 14:00 Uhr
Freitag: 16:00 - 18:00 Uhr
Samstag: 9:30 - 11:30 Uhr",50.462990,11.536247,Dealer,N,N,N,Y
"Zweirad Kopsch","Roßmarktsche Straße 8",,Borna,Sachsen,DE,04552,"+49 3433203659",,zweirad.kopsch@web.de,,"Montag - Freitag: 9:00 - 12:30 & 14:00 - 18:00 Uhr
Samstag: 9:00 - 11:30 Uhr",51.124500,12.498350,Dealer,N,Y,N,Y
"Jeti X Bikes ","Alte Neustädtleiner Straße 1",,Dinkelsbühl,Bayern,DE,91550,"+49 9851 3119",,info@jeti-x.de,http://www.jeti-x.de,"Montag - Freitag: 9:00 - 12:00 & 13:30 - 18:00 Uhr
Samstag: 9:00 - 13:00 Uhr",49.076522,10.316648,Dealer,N,Y,N,Y
"Radhaus Radebeul","Neißner Straße 66",,Radebeul,Sachsen,DE,01445,"+49 351 8336365",,info@radhaus-radebeul.com,http://www.radhaus-radebeul.com,"Montag - Freitag: 10:00 - 19:00 Uhr",51.111544,13.643318,Dealer,N,Y,N,N
Bikezeit,"Pommernstraße 4",,Neutraubling,Bayern,DE,93073,"+49 9401913870",,info@bikezeit.de,http://www.bikezeit.de,"Montag - Freitag: 10:00 - 18:00 Uhr
Samstag: 10:00 - 16:00 Uhr",48.983192,12.191577,Dealer,N,Y,N,Y
"Zweirad Kirch","Plöck 81",,Heidelberg,Baden-Wuerttemberg,DE,69117,"+49 6221 24046",,zweiradkirch@t-online.de,http://www.zweirad-kirch.de,"Montag - Freitag: 9:00 - 18:00 Uhr
Samstag: 10:00 - 13:00 Uhr

Im Winter montags geschlossen.",49.409472,8.701879,Dealer,N,Y,N,N
"e-motion e-Bike Welt Freiburg-Süd","Tulpenbaumallee 8",,"Bad Krozingen",Baden-Wuerttemberg,DE,79189,"+49 7633 988 50 80",,freiburg@emotion-ebikes.de,http://www.emotion-technologies.de/freiburg,"Montag: geschlossen
Dienstag - Freitag: 10:00 - 18:00 Uhr
Samstag: 10:00 - 15:00 Uhr",47.918963,7.712302,Dealer,N,Y,N,Y
"Bayer Bikes GmbH","Fleischmannstraße 15 + 19",,Esslingen,Baden-Wuerttemberg,DE,73728,"+49 711 34038901",,info@bayerbikes.de,http://www.bayerbikes.de,"Montag: geschlossen
Dienstag - Freitag: 10:00 - 12:30 & 13:15 - 18:00 Uhr
Samstag: 10:00 - 13:00 Uhr",48.740289,9.298254,Dealer,N,Y,N,N
"Motorrad Ruser","Kamperrege 80",,Haseldorf,Schleswig-Holstein,DE,25489,"+49 4129 443",,info@motorrad-ruser.de,http://www.motorrad-ruser.de,"Montag - Freitag: 9:00 - 18:00 Uhr
Samstag: 10:00 - 13:00 Uhr",53.648134,9.611516,Dealer,Y,Y,N,N
"Rios Rad","Klosterstraße 25",,Rees-Haldern,Nordrhein-Westfalen,DE,46459,"+49 2850 212",,info@rios-rad.de,https://rios-rad.de/,"Montag: geschlossen
Dienstag - Freitag: 9:30 - 18:30 Uhr
Samstag: 9:30 - 14:00 Uhr",51.774275,6.462210,Dealer,Y,Y,N,Y
"Business auf Rädern GmbH","Dorfstraße 26",,Hoppegarten,Brandenburg,DE,15366,"+49 3342 2501 482",,info@business-auf-raedern.de,http://www.business-auf-raedern.de,"Montag - Freitag: 9:00 - 16:00 Uhr",52.548931,13.635630,"Service Center",N,N,N,Y
"eBike Maass/vit:Bikes","Altdorfer Straße 2",,"Lauf an der Pegnitz",Bayern,DE,91207,"+49 9123 9999960",,info@ebike-maass.de,http://www.ebike-maass.de,"Montag: geschlossen
Dienstag - Freitag: 10:00 - 18:00 Uhr
Samstag: nach Vereinbarung",49.509241,11.281166,Dealer,N,Y,N,Y
VeloMax,"235 Rue de l'Artisanat",,"Six Fours Les Plages","Provence-Alpes-Cote d'Azur",FR,83140,"+33 4 94 92 26 35 ",,velo-max@orange.fr,https://www.facebook.com/veloma,"Monday: 14:00 - 18:30
Tuesday - Saturday: 9:30 - 12:00 & 14:00 - 18:30",43.113540,5.847377,Dealer,N,Y,N,Y
"PimpGarage E-Bike Store","Gerbergasse 67b",,Bozen,"Trentino-Alto Adige",IT,39100,"+39 0471 501851",,info@pimpgarage.it,http://www.pimpgarage.it,"Montag - Freitag: 9:00 - 12:00 & 14:00 - 18:00 Uhr",46.499588,11.358448,Dealer,N,Y,N,Y
Velo2Max,"589 ZAC des Bousquets",,CUERS,,FR,83390,"+33 4 94 35 28 80",,velo-max@orange.fr,https://www.facebook.com/veloma,"Monday & Thursday: 14h à 18h30
Tuesday, Wednesday, Friday & Saturday: 9h00 à 12h & 14h à 18h30 ",43.237875,6.072200,Dealer,N,Y,N,Y
"Fahrradhaus Winter GmbH","Oststraße 47",,Ludwigsburg,,DE,71638,"+49 7141 688 1337",,info@fahrradhaus-winter.de,http://www.fahrradhaus-winter.de,"Montag: geschlossen
Dienstag - Freitag: 9:30 - 12:30 & 14:30 - 18:30 Uhr
Samstag: 9:30 - 14:00 Uhr",48.892044,9.206721,Dealer,N,Y,N,N
"PT Motors","Zellach 68",,"Sankt Gertraud",,AT,9413,"+43 4352 35776",,office@ptmotors.at,http://www.pt-motors.at,"Montag - Freitag: 8:00 - 12:00 - 13:00 - 17:00 Uhr
",46.854139,14.852019,Dealer,N,Y,N,Y
"Wiedia Bike","Sodenerstraße 2a",,Aschaffenburg,,DE,63743,"+49 151 419 404 15",,jochen.herold@wiediabike.com,https://www.wiediabike.com/,"Montag - Donnerstag: 15:00 - 18:00 Uhr",49.949702,9.167189,Dealer,Y,Y,N,Y
"Fahrradladen Fernitz","Peter Rosepperstraße 1",,Fernitz,,AT,8072,"+43 604 8810 5510",,office@fahrrad-laden.at,https://www.fahrrad-laden.at/,"Montag - Freitag: 9:00 - 18:00 Uhr
Samstag: 9:00 - 13:00 Uhr",46.972590,15.497955,Dealer,N,Y,N,Y
"Sport Menzinger","Fürstenfelderstrasse 4",,Fehring,,AT,8350,"+43 3155 28715",,office@sport-menzinger.at,http://www.sport-menzinger.at,"Montag - Freitag: 8:00 - 12:00 & 14:30 - 18:00 Uhr
Samstag: 8:00 - 12:00 Uhr",46.940030,16.008407,Dealer,N,Y,N,Y
"Friesi's Bikery GmbH","Grazer Straße 34",,Gleisdorf,,AT,8200,"+43 311 222 666",,office@friesis-bikery.at,http://friesis-bikery.at,"Montag - Freitag: 9:00 - 18:30 Uhr
Samstag: 8:00 - 13:00 Uhr",47.106031,15.697853,Dealer,N,Y,N,Y
"Bike Löffler","Nürnberger Straße 106",,Würzburg,,DE,97076,"+49 931 200 10 77",,service@bike-loeffler.de,https://auto-loeffler.de/bike-loeffler,"Montag: geschlossen
Dienstag - Freitag: 8:00 - 17:00 Uhr
Samstag: 8:00 - 13:00 Uhr",49.797966,9.990142,Dealer,Y,Y,N,N
"Vélo Montagne Noire","1 impasse des capucines ",,Aiguefonde,,FR,81200,+33617433824,,,https://www.velo-montagnenoire.com,"Du Lundi au samedi de 8h30 à 19h00",43.501038,2.346087,Dealer,N,Y,N,N
"Radhaus Oberwart","Steinermangerer Straße 19",,Oberwart,,AT,7400,"+43 3352 93083",,info@radhaus.biz,https://www.radhaus-shop.biz/,"Montag, Dienstag, Mittwoch & Freitag: 9:00 - 12:30 & 15:00 - 18:00 Uhr
Donnerstag: geschlossen
Samstag: 9:00 - 12:30 Uhr",47.285834,16.216058,Dealer,N,Y,N,Y
Tuttosport,"Via Belgrano 37",,Imperia,,IT,18100,"+39 0183 710343",,tuttosport.birolo@alice.it,,,43.888278,8.040088,Dealer,N,Y,N,N
"Zweirad Pirklbauer"," Bäckerfeldstraße 19",,Traun,,AT,4050,"+43 650 444 7191",,info@zweirad-pirklbauer.at,https://www.zweirad-pirklbauer.at/,"Montag - Freitag: 9:00 - 12:00 & 13:00 - 18:00 Uhr
Samstag: 9:00 - 12:00 Uhr",48.219893,14.242981,Dealer,N,Y,N,Y
Zebugi,"Via Carini 2",,Brescia,,IT,25121,"+39 3045129",,info@zebugi.it,https://zebugi.it/,"Monday - Saturday: 9:00 - 12:15 & 15:00 - 19:15",45.531544,10.227238,Dealer,N,Y,N,Y
"vit:bikes Rottweil","Im Galgen 15",,"Zimmern ob Rottweil",,DE,78658,"+49 741 175 75 131",,rottweil@vitbikes.de,https://fahrrad.vitbikes.de/rottweil-78658/,"Montag: geschlossen
Dienstag - Freitag: 10:00 -18:00 Uhr
Samstag: 10:00 - 16:00 Uhr",48.165000,8.604380,Dealer,N,Y,N,Y
"Die Speiche Radhaus","Tumringerstrasse 224",,Lörrach,,DE,79539,"+49 7621 44681",,diespeiche@arcor.de,http://www.speiche.net,"Montag - Freitag: 9:30 - 18:30 Uhr
Samstag: 9:00 - 16:00 Uhr",47.616210,7.660755,Dealer,N,Y,N,Y
"2-rad Mueller","Am Mettweg 34",,Freiburg,,DE,79111,"+49 761 4768256",,info@mueller-bikes.de,http://www.mueller-bikes.de,"Montag, Dienstag, Donnerstag & Freitag: 9:00 - 12:30 & 14:30 - 18:00 Uhr
Mittwoch: 9:00 - 12:30 Uhr
Samstag: 9:00 - 13:00 Uhr",47.979915,7.806979,Dealer,N,Y,N,Y
"Markenfahrräder Tallafuß","Bahnhofstraße 5",,Dingolfing,,DE,84130,"+49 8731 3974324",,info@markenfahrraeder-tallafuss.de,http://www.markenfahrraeder-tallafuss.de,"Montag: geschlossen
Dienstag - Freitag: 9:00 - 12:00 & 14:00 - 18:00 Uhr
Samstag: 9:00 - 12:00 Uhr",48.635091,12.493623,Dealer,N,Y,N,Y
"TEX RACING","7 Rue de la Marine BP 69",,PROPRIANO,,FR,20110,"+33 6 03 53 55 62",,tex.racing@orange.fr,http://www.texracing.shop,"Monday: closed
Tuesday - Saturday: 9:30 - 12:00 & 14:30 - 18:30",41.675525,8.898206,Dealer,N,Y,N,Y
"La Roue Liber","32 rue Vignon",,Paris,,FR,75009,"+33 144700865",,laroueliber@gmail.com,http://www.laroueliber.fr,"Monday: closed
Tuesday - Friday: 10h - 19h
Saturday: 11h - 18h",48.872077,2.326670,Dealer,N,Y,N,N
"Florea E-Mobility","Guldenstraße 31a",,Königsbrunn,,DE,86343,"+49 82319241054",,mail@florea-emobility.de,http://www.florea-emobility.de,"Montag - Freitag: 9:00 - 18:00 Uhr
Samstag: 10:00 - 16:00 Uhr",48.258454,10.882170,Dealer,Y,Y,N,Y
"Brive Bike Store","43 rue Antoine Dubayle",,"Brive la Gaillarde",,FR,19100,"+33 5 55 87 58 86",,19brive@culturevelo.com,http://www.culturevelo.com,"Monday: 14h30 - 18h30
Tuesday - Saturday: 09h30 - 12h30 & 14h30 - 18h30",45.147510,1.489746,Dealer,N,Y,N,Y
"Cycles Cesbron","2 rue Lino Ventura",,"Les Ponts-de-Cé ",,FR,49130,"+33 241448744",,info@cyclescesbron.fr,https://www.cyclescesbron.fr/,"Monday: closed
Tuesday - Saturday: 9h00 - 12h00 & 14h00 - 19h00",47.433795,-0.501415,Dealer,N,Y,N,Y
"Evolution 2","5 rue de la glisse",,Montchavin,,FR,73210,"+33 686349415",,montchavin@evolution2.com,http://evolution2.com/la-plagne-montchav,,45.559437,6.734704,Dealer,N,Y,N,N
"Mondovelo Le Mans Sud","ZAC du Cormier // 10 rue Wilbur ",,MULSANNE,,FR,72230,"+33 2 43 78 50 90 ",,mondovelolemansud@orange.fr,https://mulsanne.mondovelo.fr/,"Monday: 14h00-19h00
Tuesday - Saturday: 09h30-12h30 & 14h00-19h00",47.942331,0.231357,Dealer,N,Y,N,Y
"Mondovelo Le Mans Nord","Parc Manceau - ZAC de l 'Ardoise",,"LE MANS",,FR,72000,"+33 2 43 51 16 00 ",,mondovelolemans@gmail.com,https://le-mans.mondovelo.fr/,"Monday: 14h00-19h00
Tuesday - Saturday: 09h30-12h30 & 14h00-19h00",48.028056,0.181164,Dealer,N,Y,N,Y
"ARMOR CYCLES","ZA LANJOUAN 2",,LAMBALLE,,FR,22400,"+33 296310423",,armorcycles@orange.fr,,"Monday: closed
Tuesday - Friday: 9h30 - 12h30 & 14h00 - 19h00
Saturday: 9h30 - 12h30 & 14h00 - 18h00",48.475887,-2.509213,Dealer,N,Y,N,Y
"Mondovelo Langueux","1 RUE DES GRIGNONS",,LANGUEUX,,FR,22360,"+33 296700691",,saintbrieuc@velogiant.fr,,"Monday - Saturday: 10h00 - 12h30 & 14h00 - 19h00",48.496161,-2.731863,Dealer,N,Y,N,N
"GIANT PONTIVY","23 RUE ALBERT DE MUN",,PONTIVY,,FR,56300,"+33 297089191",,pontivy@velogiant.fr,,"Monday: closed
Tuesday - Friday: 9h30 - 12h30 & 14h00 - 19h00
Saturday: 9h30 - 12h30 & 14h00 - 18h00",48.057086,-2.963430,Dealer,N,Y,N,Y
"GIANT ST MALO","44 RUE DU GENERAL PATTON",,"ST MALO",,FR,35400,"+33 299820184",,saintmalo@velogiant.fr,,"Monday: 14h00 - 19h00
Tuesday - Friday: 9h30 - 12h30 & 14h00 - 19h00
Saturday: 9h30 - 12h30 & 14h00 - 18h00",48.621850,-1.995530,Dealer,N,Y,N,Y
"VELO EMOTION","CHEMIN ROMAIN",,"ST ALBAN",,FR,22400,"+33 257675609",,contact@velo-emotion.fr,,"Monday: closed
Tuesday - Friday: 9h30 - 12h30 & 14h00 - 19h00
Saturday: 9h30 - 12h30 & 14h00 - 18h00",48.556226,-2.548169,Dealer,N,Y,N,Y
"BIKE CENTER MARIBOR","Na Poljanah 18 (Ikona center)",,Maribor,,SI,2000,"+386 2 420 18 36",,info@bike-center.si,http://www.bike-center.si,"Monday - Friday: 10:00 - 18:00
Saturday: 9:00 - 13:00",46.552530,15.628144,Dealer,N,Y,N,Y
"Bentho eBikes - Wien","Lassallestraße 5",,Wien,,AT,1020,"0043 01 589 70 64",,servus@bentho.at,https://www.bentho.at/,"Montag: geschlossen
Dienstag - Freitag: 10.00 - 18:00 Uhr
Samstag: 9:30 - 15:00 Uhr",48.221230,16.395579,Dealer,N,Y,N,Y
"Bentho eBikes - Brunn/Geb","Wolfholzgasse 11",,"Brunn am Gebirge",,AT,2345,"+43 2236 378 763",,servus@bentho.at,https://www.bentho.at/,"Montag: geschlossen
Dienstag - Freitag: 10:00 - 18:00 Uhr
Samstag: 9:30 - 15:00 Uhr",48.120122,16.293947,Dealer,N,Y,N,Y
Drahtesel,"Hoyersweraer Straße 20",,Wittichenau,,DE,02997,"+49 3572592655",,drahtesel@outlook.com,,"Mittwoch - Freitag: 9:00 - 18:00 Uhr",51.383622,14.243191,Dealer,N,Y,N,N
"R & R Sportart GmbH","Obere Marktstraße 58",,Altenmarkt,,AT,5541,"+43 6452 20750",,office@sport-art.at,https://www.sport-art.at/,"Montag - Freitag: 8:00 - 12:00 & 13:00 - 18:00 Uhr
Samstag: 8:00 - 13:00 Uhr",47.382234,13.414594,Dealer,N,Y,N,Y
"Marocco Sport","Piazza Garibaldi 3/4",,Barzio,,IT,23816,"+33 341 996191",,info@maroccosport.it,http://maroccosport.it,"Tuesday, Thursday, Friday & Saturday: 9:00 - 12:30 & 15:00 - 17:30",45.946472,9.468636,Dealer,N,Y,N,Y
"Freetime GmbH","Rudolf Diesel Straße 21",,Weiterstadt,,DE,64331,"+49 6151 871507",,info@freetime-fahrraeder.de,https://www.freetimefahrraeder.de/,"Montag bis Freitag: 10:00 - 19:00 Uhr
Samstag: 10:00 - 16:00 Uhr",49.900529,8.607648,Dealer,Y,Y,N,Y
"REINE ET BICLOU","49 RUE DE MONS",,VALENCIENNES,,FR,59300,"+33 671999799",,contact@reineetbiclou.fr,http://www.reineetbiclou.fr,"Monday: closed
Tuesday, Thursday & Friday: 8:00 - 18:00h
Wednesday: 8:00 - 19:00h
Saturday: 9:00 - 19:00h",50.360246,3.528905,Dealer,N,Y,N,Y
"MEGA Bike Schwentinental",Liebigstr.11,,Schwentinental,,DE,24223,"4,94308E+11",,schwentinental@megabike24.de,https://www.megabike24.de/,,54.285467,10.218790,Dealer,N,Y,N,Y
"MEGA Bike Lager",Werner-von-Siemens-Str.11,,Kaltenkirchen,,DE,24568,"4,94192E+12",,lager@megabike24.de,https://www.megabike24.de/,,53.824210,9.976252,Dealer,N,Y,N,Y
"MEGA Bike Kiel-Hassee","Rendsburger Landstr.161",,Kiel-Hassee,,DE,24113,"4,94317E+12",,hassee@megabike24.de,https://www.megabike24.de/,,54.300950,10.096705,Dealer,N,Y,N,Y
"MEGA Bike Rendsburg","Friedrichstädter Str.75-77",,Rendsburg,,DE,24768,"4,94332E+11",,rendsburg@megabike24.de,https://www.megabike24.de/,,54.323360,9.626254,Dealer,N,Y,N,Y
"MEGA Bike Wik","Schleusenstraße 18",,Kiel-Wik,,DE,24106,"4,94317E+11",,wik@megabike24.de,https://www.megabike24.de/,,54.362276,10.132085,Dealer,N,Y,N,Y
"MEGA Bike Schleswig",Stadtweg72-76,,Schleswig,,DE,24837,"4,94622E+11",,schleswig@megabike24.de,https://www.megabike24.de/,,54.522303,9.566151,Dealer,N,Y,N,Y
"MEGA Bike Flensburg",Westerallee161,,Flensburg,,DE,24941,4946124438,,flensburg@megabike24.de,https://www.megabike24.de/,,54.767506,9.405155,Dealer,N,Y,N,Y
"MEGA Bike Pinneberg",Mühlenstr.2,,Pinneberg,,DE,25421,"4,94102E+12",,pinneberg@megabike24.de,https://www.megabike24.de/,,53.660292,9.788690,Dealer,N,Y,N,Y
"MEGA Bike Lübeck",St.-Jürgen-Ring62,,Lübeck,,DE,23564,"4,94515E+11",,luebeck@megabike24.de,https://www.megabike24.de/,,53.859661,10.716797,Dealer,N,Y,N,Y
"MEGA Bike Bad Segeberg",Ziegelstr.107,,"Bad Segeberg",,DE,23795,"4,94552E+12",,badsegeberg@megabike24.de,https://www.megabike24.de/,,53.947583,10.302835,Dealer,N,Y,N,Y
"MEGA Bike Neumünster","Rendsburger Str.12",,Neumünster,,DE,24534,"4,94321E+11",,neumuenster@megabike24.de,https://www.megabike24.de/,,54.078754,9.979697,Dealer,N,Y,N,Y
"MEGA Bike Altona",Stresemannstr.360,,Hamburg,,DE,22761,"4,94089E+11",,altona@megabike24.de,https://www.megabike24.de/,,53.563054,9.922704,Dealer,N,Y,N,Y
"MEGA Bike Bramfeld","Bramfelder Ch.148",,Hamburg,,DE,22177,"4,94064E+11",,bramfeld@megabike24.de,https://www.megabike24.de/,,53.604733,10.071005,Dealer,N,Y,N,Y
"MEGA Bike Kaltenkirchen","Kisdorfer Weg32",,Kaltenkirchen,,DE,24568,"4,94192E+12",,kaltenkirchen@megabike24.de,https://www.megabike24.de/,,53.825938,10.008283,Dealer,N,Y,N,Y
"LT2MH BICI ","2  Rue de la Poste ",,SAONE,,FR,25660,"+33 6 31 76 64 20 ",,Lt2mh.bici@sfr.fr,http://Lt2mhbici.fr,"Monday - Friday: 9:00 - 12:00 & 14:00 - 17:00h
Saturday: 9:00 - 12:00h",47.223559,6.116989,Dealer,N,Y,N,Y
"Vit:Bikes Wesel","Rudolf-Diesel-Str. 15a",,Wesel,,DE,46485,"+49 28120694031",,wesel@vitbikes.de,http://vitbikes.de,"Montag: geschlossen
Dienstag - Freitag: 10:00 - 18:00 Uhr
Samstag: 10.=0 - 14:00 Uhr",51.662225,6.663893,Dealer,N,Y,N,Y
"ORCIERES CYCLING","3755 ROUTE D ORCIERES",,ORCIERES,,FR,05170,"+3 6 83 97 99 58",,romainmiellot.atelieroct@gmail.com,,"Monday - Saturday: 8h - 18h",44.684318,6.324415,Dealer,N,Y,N,N
"Bertis Bike Center","Werner-Eckart-Ring 2",,Cloppenburg,,DE,49961,"+49 4471 93 25 39",,info@bertis-bikes.de,http://www.bertis-bikes.de,"Montag - Freitag: 9:00 - 18:30 Uhr
Samstag: 9:00 - 16:00 Uhr",52.840594,8.069145,Dealer,N,Y,N,N
"eBike Dresden","Sagader Weg 1",,01109,,DE,Dresden,"+49 0351 88814380",,info@ebike-dresden.com,http://www.ebike-dresden.com,"Montag - Freitag:   10:00 - 18:00 Uhr
Samstag: 10:00 - 16:00 Uhr",51.123252,13.784361,Dealer,N,Y,N,Y
Ebikeone,"Località Quarto Inferiore 275",,Asti,,IT,14100,"+39 335 7573794",,corrado@ebikeone.it,http://www.ebikeone.it,"Monday: closed
Tuesday - Saturday: 09:00 - 12:00 & 15:30 - 19:00",44.907254,8.292417,Dealer,N,Y,N,Y
"E-Bike Center Gründau","Gelnhäuser Str. 15B",,Gründau,,DE,63584,"+49 6051 9677433",,info@ebikegründau.de,http://xn--ebikegrndau-zhb.de/,"Montag - Mittwoch: 10:00 - 18:00 Uhr
Donnerstag & Freitag: 12:00 - 18:00 Uhr.",50.209712,9.139968,Dealer,N,Y,N,Y
"Profile Korte der Fahrradspezialist","Bahnhofstraße 123",,Herne,,DE,44623,"+49 232353494",,hallo@fahrrad-korte.de,http://fahrrad-korte.de,"Montag: geschlossen
Dienstag - Freitag: 10:00 - 18:30 Uhr
Samstag: 10:00 - 14:30 Uhr",51.546095,7.217016,Dealer,N,Y,N,Y
"Bergspezl Haid","EKZ Haid, Ikea Platz 4",,Haid,,AT,4053,"+43 7229 246 90",,verkauf.haid@bergspezl.at,https://bergspezl.at/,"Montag - Freitag: 9:00 - 19:00 Uhr
Samstag: 9:00 - 18:00 Uhr",48.195478,14.247377,Dealer,N,Y,N,Y
"Bergspezl Wien","Stiftgasse 5-9",,Wien,,AT,1070," +43 1 395 07 70",,verkauf.Wien7@bergspezl.at,https://bergspezl.at/,"Montag - Freitag: 10:00 - 19:00 Uhr
Samstag: 10:00 - 18:00 Uhr",48.200896,16.354912,Dealer,N,Y,N,Y
"Bergspezl Villach","Maria-Gailer-Straße 57",,Villach,,AT,9500,"+43 4242 40 439",,verkauf.villach@bergspezl.at,https://bergspezl.at/,"Montag - Freitag: 9:00 - 18:00 Uhr
Samstag: 9:00 - 17:00 Uhr",46.604692,13.873002,Dealer,N,Y,N,Y
"Bergspezl Vösendorf Süd","""Westfield Shopping  City Süd - Galerie 11""",,"Vösendorf Süd",,AT,2334,"+43 1 39 50 944",,verkauf.scs@bergspezl.at,https://bergspezl.at/,"Montag - Mittwoch: 9:00 - 19:00 Uhr
Donnerstag & Freitag: 9:00 - 20:00 Uhr
Samstag: 9:00 - 18:00 Uhr",48.122280,16.334783,Dealer,N,Y,N,Y
"Bergspezl Klagenfurt","Völkermarkter Straße 163",,Klagenfurt,,AT,9020,"+43 463 519 000",,verkauf.klagenfurt@bergspezl.at,https://bergspezl.at/,"Montag - Freitag: 9:00 - 18:00 Uhr
Samstag: 9:00 - 17:00 Uhr",46.627602,14.343287,Dealer,N,Y,N,Y
"Bergspezl Wörgl","Salzburger Straße 30",,Wörgl,,AT,6300,"+43 5332 219 26",,verkauf.woergl@bergspezl.at,https://bergspezl.at/,"Montag - Freitag : 09:00 - 18:00 Uhr
Samstag: 09:00 - 17:00 Uhr",47.488008,12.068502,Dealer,N,Y,N,Y
"Fahrwerk Timmer Meppen","Burgstraße 3",,Meppen,,DE,"49716 ","+49 5931 12261",,meppen@fahrwerk.me,https://fahrwerk.me/,"Montag - Freitag: 9:30 - 13:00 Uhr & 14:00 - 18:30 Uhr
Samstag: 9:30 - 14:00 Uhr",52.691988,7.292902,Dealer,N,Y,N,Y
"Zweirad Stückemann","Oldenburger Str. 76",,Rastede,,DE,26180,"+49 4402 92500",,info@stueckemann.de,http://www.stueckemann.de,"Montag - Freitag: 09:30 - 18:00 Uhr
Samstag: 09:30 - 16:00 Uhr",53.228423,8.212305,Dealer,N,Y,N,N
"CYCLES CESBRON ANGERS","12 RUE AUGUSTE GAUTIER",,ANGERS,,FR,49100,"+33 24954980",,info@cyclescesbron.fr,http://CYCLESCESBRON.FR,"Monday: closed
Tuesday - Wednesday: 10:00h - 19:00h
Friday: 14:00h - 19:00h
Saturday: 10:00 - 18:00h",47.464362,-0.561700,Dealer,N,Y,N,Y
"CYCLES CESBRON SAUMUR","RUE DE L'AVENIR",,DISTRE,,FR,49400,"+33 241676932",,info@cyclescesbron.fr,http://CYCLESCESBRON.FR,"Monday: closed
Tuesday - Friday: 9:00h - 12:00h & 14:00h - 19:00h
Saturday: 9:00h - 12:00h & 14:00 - 18:00h",47.229623,-0.116793,Dealer,N,Y,N,Y
"CYCLES CESBRON LAVAL","BOULEVARD DE LA BOUTELLERIE",,"SAINT BERTHEVIN",,FR,53940,"+33 243909426",,info@cyclescesbron.fr,http://CYCLESCESBRON.FR,"Monday - Saturday: 9:30h - 19:00h",48.066022,-0.804664,Dealer,N,Y,N,Y
"E-Bike Center Lohr am Main","Sackenbacker Straße 34",,"Lohr am Main",,DE,97816,"+49 9352 6026936",,info@ebikelohr.de,http://www.ebikelohr.de,"Montag, Mittwoch, Donnerstag & Freitag: 12:00 - 18:00 Uhr
Dienstag: geschlossen
Samstag: 9:00 - 13:00 Uhr",49.989221,9.572231,Dealer,N,Y,N,Y
"E-Bike Center Wächtersbach","Frankfurter Straße 57",,Wächtersbach-Aufenau,,DE,63607,"+49 60653 6203507",,,http://action-line-cycles.de/action-line/#_standorte,"Montag: geschlossen
Dienstag - Freitag: 10:00 - 18:00 Uhr
Samstag: 9:00 - 13:00 Uhr",50.253196,9.323282,Dealer,N,Y,N,Y
"Roule Energie","12 Rue de l'Europe //  ZA la Tigno",,Aubigny,,FR,85430,,,infos.rouleenergie@orange.fr,https://www.rouleenergie.fr/,"Monday - Saturday: 9:00 - 12:00 & 14:00 - 18:30 Uhr",49.899858,2.483286,Dealer,N,Y,N,Y
"Bike Location","Erlhofer Straße 76",,Hof,,DE,95032,"+49 9281 5965919",,hof@bikelocation.de,http://www.bikelocation.de,"Montag: geschlossen
Dienstag - Freitag: 9:00 - 18:00 Uhr
Samstag: 9:00 - 13:00 Uhr",50.289782,11.923245,Dealer,N,Y,N,Y
"bimato sports","Steyrerstraße 51",,Haag,,AT,3350,"+43 7434 43734",,info@bimato.at,http://www.bimato.at,"Montag, Dienstag & Freitag: 9:00 - 12:30 & 14:30 - 18:00 Uhr
Donnerstag: 9:00 - 12:30 & 14:30 - 20:00 Uhr
Mittwoch & Samstag: geschlossen",48.097777,14.540323,Dealer,N,Y,N,Y
"Kytönen Motorsport","Teollisuuskatu 4",,Jämsä,,FI,42100,"+358 50 0541 023",,myynti@kytonen-motorsport.com,http://www.kytonen-motorsport.com,"Monday - Friday: 8:00 - 17:00 ",61.859567,25.178365,Dealer,N,Y,N,Y
"EAST MX","Ivontie 9",,Joensuu,,FI,80260,"35 10 419 4525",,info@eastmx.fi,http://www.eastmx.fi,"Monday - Friday: 9:00 - 17:00
Saturday: 10:00 - 14:00",62.589730,29.823806,Dealer,N,Y,N,Y
"Eride, Moto-Seinäjoki Oy","Lieskatie 2",,Hyllykallio,,FI,60510,"+358 20 7939855",,myynti@kytonen-motorsport.com,http://www.eride.fi,"Monday - Friday: 9:00 - 17:00
Saturday: 10:00 - 14:00",62.809091,22.882222,Dealer,N,Y,N,Y
"Kari Vehniäinen Racing Oy","Vasarakatu 5",,Jyväskylä,,FI,40320,"+35 4007044736",,myynti@kvr.fi,http://www.kvr.fi,"Monday - Friday: 9:00 - 17:00
Saturday: 10:00 - 13:00 at summer (01.05. - 30.09.)",62.254158,25.770738,Dealer,N,Y,N,Y
"STADTRAD GmbH","Gewerbering 1a ",,Homburg/Bexbach,,DE,66450,"+49 6826- 5248004",,"info@stadtrad-homburg.de ",https://www.stadtrad-homburg.de/,"Montag: geschlossen
Dienstag - Freitag: 9:30 - 18:30 Uhr
Samstag: 9:30 - 16:00 Uhr",49.344438,7.279716,Dealer,N,Y,N,Y
"Sport Stefan","Gemeindestraße 3",,Filzmoos,,DE,5532,"+43 645320080",,shop@sportstefan.at,http://sportstefan.at,"Montag - Freitag: 8:30 - 12:00 & 14:00 - 18:00 Uhr
Samstag: 8:30 - 12:00 & 14:00 - 17:00 Uhr",47.432860,13.522853,Dealer,N,Y,N,Y
"emotion eBike Welt Tuttlingen","Langes Gewand 5",,Rietheim-Weilheim,,DE,78604,"+49 7461 140 85 44",,tut@emotion-technologies.de,http://emotion-tut.de,"Montag: geschlossen
Dienstag - Freitag: 9:30 - 12:30 & 13:30 - 18:30 Uhr
Samstag: 9:30 - 15:00 Uhr",48.029871,8.775169,Dealer,N,Y,N,Y
